league,season,team,player,league_id,season_id,team_id,player_id,position,matches,minutes,goals,xg,np_goals,np_xg,assists,xa,shots,key_passes,yellow_cards,red_cards,xg_chain,xg_buildup
ESP-La Liga,2526,Alaves,Abderrahmane Rebbach,4,2025,158,11825,D F M S,30,1479,1,2.9569592121988535,1,2.9569592121988535,4,4.949423234909773,34,30,8,0,6.177632927894592,2.1951087564229965
ESP-La Liga,2526,Alaves,Aitor Mañas,4,2025,158,14222,S,9,105,0,1.0849704146385193,0,1.0849704146385193,0,0.03065093606710434,2,2,0,0,0.8037964031100273,0.2583816945552826
ESP-La Liga,2526,Alaves,Ander Guevara,4,2025,158,6126,M S,25,581,1,0.6449843011796474,1,0.6449843011796474,1,0.8938102275133133,5,6,2,1,2.7921956814825535,1.921984908170998
ESP-La Liga,2526,Alaves,Antonio Blanco,4,2025,158,9280,M,36,3137,2,1.2193963313475251,2,1.2193963313475251,3,1.585560267791152,40,22,9,0,10.952894285321236,9.485621688887477
ESP-La Liga,2526,Alaves,Antonio Martínez,4,2025,158,6400,F S,37,2750,14,12.836471602320671,13,12.09319394826889,3,3.8200031016021967,93,24,2,0,15.361863365396857,3.4809861443936825
ESP-La Liga,2526,Alaves,Antonio Sivera,4,2025,158,6075,GK,38,3420,0,0.0,0,0.0,0,0.0,0,0,3,0,3.3321731872856617,3.3321731872856617
ESP-La Liga,2526,Alaves,Calebe,4,2025,158,13764,D F M S,19,767,0,0.14146154932677746,0,0.14146154932677746,0,0.45056361611932516,5,12,2,0,3.171772821806371,2.6320650037378073
ESP-La Liga,2526,Alaves,Carles Aleñá,4,2025,158,5058,F M S,34,2002,0,2.2455996740609407,0,2.2455996740609407,4,4.067961330525577,29,37,5,0,7.837335070595145,3.8911409117281437
ESP-La Liga,2526,Alaves,Carlos Ballestero,4,2025,158,14117,S,1,1,0,0.0,0,0.0,0,0.0,0,0,0,0,0.0,0.0
ESP-La Liga,2526,Alaves,Carlos Benavídez,4,2025,158,11826,D S,13,311,0,0.22582579404115677,0,0.22582579404115677,0,0.10448137670755386,3,3,0,1,0.9414566792547703,0.6960180234164
ESP-La Liga,2526,Alaves,Carlos Vicente,4,2025,158,12294,F M S,21,1250,5,3.714753158390522,2,1.4849203303456306,0,3.8571879733353853,12,26,1,0,5.572600442916155,1.6297904159873724
ESP-La Liga,2526,Alaves,Denis Suárez,4,2025,158,2308,M S,30,1407,1,1.503220658749342,1,1.503220658749342,2,1.729144150391221,9,24,6,0,7.904554916545749,5.969972092658281
ESP-La Liga,2526,Alaves,Diego Morcillo,4,2025,158,14116,S,1,8,0,0.5672497153282166,0,0.5672497153282166,0,0.0,1,0,0,0,0.6797209978103638,0.11247126758098602
ESP-La Liga,2526,Alaves,Facundo Garcés,4,2025,158,13319,D S,10,786,0,0.61756222974509,0,0.61756222974509,0,0.0,8,0,3,0,0.7101098354905844,0.6371504832059145
ESP-La Liga,2526,Alaves,Ibrahim Diabate,4,2025,158,14465,F S,10,579,2,2.7270304802805185,2,2.7270304802805185,0,0.14799773506820202,15,2,1,0,3.0350424721837044,0.7203780803829432
ESP-La Liga,2526,Alaves,Jon Guridi,4,2025,158,5179,F M S,28,1251,0,1.620393067598343,0,1.620393067598343,0,0.5416145175695419,15,11,1,0,5.297916954383254,3.662469517439604
ESP-La Liga,2526,Alaves,Jon Pacheco Dozagarat,4,2025,158,8423,D S,22,1737,0,0.24303779192268848,0,0.24303779192268848,0,0.7593822702765465,4,5,3,1,1.9814191441982985,1.834160102531314
ESP-La Liga,2526,Alaves,Jonny,4,2025,158,2280,D,34,3006,0,0.8803313318639994,0,0.8803313318639994,0,1.2115384247153997,9,17,7,0,11.327970540151,9.65009731054306
ESP-La Liga,2526,Alaves,Lander Pinillos,4,2025,158,13646,S,1,1,0,0.0,0,0.0,0,0.0,0,0,0,0,0.0,0.0
ESP-La Liga,2526,Alaves,Lucas Boyé,4,2025,158,1189,F M S,29,1960,11,11.103807976469398,8,8.873975029215217,1,2.709607819095254,63,28,2,1,12.193470728583634,3.775087649933994
ESP-La Liga,2526,Alaves,Mariano,4,2025,158,5110,F S,10,269,0,0.24978233128786087,0,0.24978233128786087,0,0.7592702507972717,6,2,1,0,1.028148341923952,0.019095754250884056
ESP-La Liga,2526,Alaves,Moussa Diarra,4,2025,158,7613,D,3,225,0,0.0,0,0.0,0,0.015075083822011948,0,1,1,0,0.06127706915140152,0.06127706915140152
ESP-La Liga,2526,Alaves,Nahuel Tenaglia,4,2025,158,10364,D,36,3240,2,1.7934001060202718,2,1.7934001060202718,0,0.4346905034035444,24,8,3,0,6.442133508622646,6.039068607613444
ESP-La Liga,2526,Alaves,Pablo Ibáñez,4,2025,158,10857,M S,37,2278,1,3.9255813509225845,1,3.9255813509225845,1,1.288511484861374,47,19,7,0,7.198592909611762,4.9182582553476095
ESP-La Liga,2526,Alaves,Victor Parada,4,2025,158,12207,D S,30,2159,0,1.8650571862235665,0,1.8650571862235665,3,2.3767000967636704,12,14,7,1,8.099021699279547,6.922715965658426
ESP-La Liga,2526,Alaves,Ville Koski,4,2025,158,14519,D S,5,281,0,0.01684470660984516,0,0.01684470660984516,0,0.06809491664171219,1,1,0,0,0.02529877983033657,0.02529877983033657
ESP-La Liga,2526,Alaves,Youssef Lekhedim,4,2025,158,13278,D S,25,1332,0,0.7915327316150069,0,0.7915327316150069,1,2.768648535013199,11,16,6,0,5.751958949491382,3.135219857096672
ESP-La Liga,2526,Alaves,Ángel Pérez,4,2025,158,14392,D M S,16,1292,1,1.208032038062811,1,1.208032038062811,3,2.0683266557753086,14,24,4,0,5.207904314622283,2.590566510334611
ESP-La Liga,2526,Athletic Club,Adama Boiro,4,2025,147,12724,D S,14,810,0,0.053169842809438705,0,0.053169842809438705,0,0.13991212099790573,2,3,1,0,1.9122118912637234,1.7599158138036728
ESP-La Liga,2526,Athletic Club,Aitor Paredes,4,2025,147,8948,D S,19,1625,2,1.4780013747513294,2,1.4780013747513294,0,0.7596744522452354,13,4,4,0,4.101825453341007,3.9284198209643364
ESP-La Liga,2526,Athletic Club,Alejandro Rego,4,2025,147,13627,M S,29,1231,1,0.5311379982158542,1,0.5311379982158542,1,0.799548452720046,11,11,6,0,3.1697750445455313,2.2423849515616894
ESP-La Liga,2526,Athletic Club,Alex Berenguer,4,2025,147,5091,F M S,31,2191,2,5.271908729337156,2,5.271908729337156,3,5.47127471677959,44,49,4,0,11.005357883870602,4.127182766795158
ESP-La Liga,2526,Athletic Club,Andoni Gorosabel,4,2025,147,6325,D S,24,1347,0,0.21548599284142256,0,0.21548599284142256,1,1.289799666032195,5,16,3,0,6.460969613865018,5.660822134464979
ESP-La Liga,2526,Athletic Club,Asier Hierro,4,2025,147,14183,S,1,30,0,0.0869530513882637,0,0.0869530513882637,0,0.01957118697464466,1,1,0,0,0.10652423650026321,0.0
ESP-La Liga,2526,Athletic Club,Aymeric Laporte,4,2025,147,2498,D S,25,2068,0,1.8204883504658937,0,1.8204883504658937,1,0.4414121750742197,15,7,4,0,5.202450418844819,4.778625398874283
ESP-La Liga,2526,Athletic Club,Beñat Prados,4,2025,147,9505,M S,2,87,0,0.02024441957473755,0,0.02024441957473755,0,0.03657878190279007,1,2,1,0,0.1660694107413292,0.12949062883853912
ESP-La Liga,2526,Athletic Club,Dani Vivian,4,2025,147,6766,D S,31,2561,1,1.454393805935979,1,1.454393805935979,0,1.5971452463418245,17,6,8,1,7.5947943069040775,6.529198620468378
ESP-La Liga,2526,Athletic Club,Eder García,4,2025,147,14216,S,2,30,0,0.03657441958785057,0,0.03657441958785057,0,0.0,1,0,1,0,0.06727110967040062,0.03069669008255005
ESP-La Liga,2526,Athletic Club,Gorka Guruzeta,4,2025,147,7020,F M S,35,2401,10,11.726107958704233,9,10.982830349355936,3,3.5015047043561935,84,26,4,1,16.107928594574332,4.2075874749571085
ESP-La Liga,2526,Athletic Club,Inigo Ruiz de Galarreta,4,2025,147,9755,M S,34,2289,1,0.6572877513244748,1,0.6572877513244748,2,3.3264776347205043,20,30,11,0,10.062924578785896,8.463831257075071
ESP-La Liga,2526,Athletic Club,Iñaki Williams,4,2025,147,2399,F M S,30,2188,3,8.660440864041448,2,7.9171632546931505,6,4.2092270366847515,57,25,2,0,12.954110903665423,3.7314452417194843
ESP-La Liga,2526,Athletic Club,Jesús Areso,4,2025,147,9768,D S,26,1498,0,0.09548324905335903,0,0.09548324905335903,1,1.5605541560798883,3,23,3,0,2.973411399871111,2.2149724885821342
ESP-La Liga,2526,Athletic Club,Maroan Sannadi,4,2025,147,13417,F S,10,268,1,1.0051096249371767,1,1.0051096249371767,0,0.5883069485425949,8,2,2,0,1.6283603627234697,0.034943751990795135
ESP-La Liga,2526,Athletic Club,Mikel Jauregizar,4,2025,147,12263,M S,36,2872,2,1.4105862826108932,2,1.4105862826108932,0,1.5787495290860534,39,28,5,1,8.875733049586415,6.796195255592465
ESP-La Liga,2526,Athletic Club,Mikel Vesga,4,2025,147,5077,M S,23,402,0,0.2157706804573536,0,0.2157706804573536,0,0.12440561410039663,3,4,0,0,1.2043952187523246,1.042739911004901
ESP-La Liga,2526,Athletic Club,Nico Williams,4,2025,147,9211,M S,25,1715,6,5.862554809078574,5,4.375999530777335,3,4.138543902896345,46,34,2,0,10.798387989401817,3.284014131873846
ESP-La Liga,2526,Athletic Club,Nicolás Serrano,4,2025,147,9825,M S,16,338,1,0.6888012327253819,1,0.6888012327253819,0,0.5655460767447948,16,10,0,0,1.3857197295874357,0.4696573466062546
ESP-La Liga,2526,Athletic Club,Oihan Sancet,4,2025,147,7779,M S,28,1832,4,7.056168496608734,2,5.569741144776344,0,1.445348110049963,48,27,4,1,7.564459195360541,2.206977505236864
ESP-La Liga,2526,Athletic Club,Roberto Navarro,4,2025,147,8765,M S,32,1246,6,3.3031710321083665,6,3.3031710321083665,1,2.0628209859132767,21,24,1,0,8.301526971161366,4.595135105773807
ESP-La Liga,2526,Athletic Club,Selton Sánchez,4,2025,147,14167,M S,7,191,0,0.28422196209430695,0,0.28422196209430695,1,0.15717779099941254,4,4,0,0,1.3910062201321125,0.9496064782142639
ESP-La Liga,2526,Athletic Club,Unai Gómez,4,2025,147,11531,F M S,26,930,1,2.0704635065048933,1,2.0704635065048933,1,0.6146819815039635,23,8,1,1,3.0522000435739756,0.7931436467915773
ESP-La Liga,2526,Athletic Club,Unai Simón,4,2025,147,5185,GK,37,3330,0,0.0,0,0.0,0,0.03188738599419594,0,1,1,0,3.199014876037836,3.167127501219511
ESP-La Liga,2526,Athletic Club,Urko Izeta,4,2025,147,13821,F S,13,153,1,1.7968661822378635,1,1.7968661822378635,0,0.3224271722137928,11,2,2,0,1.270498313009739,0.03245190158486366
ESP-La Liga,2526,Athletic Club,Yeray Álvarez,4,2025,147,5062,D S,7,517,0,0.1283213347196579,0,0.1283213347196579,0,0.11338108032941818,1,3,0,0,2.1851428039371967,2.112127650529146
ESP-La Liga,2526,Athletic Club,Yuri,4,2025,147,2229,D S,32,2708,0,0.6064393315464258,0,0.6064393315464258,6,4.848095130175352,24,30,5,0,10.560181383043528,8.312423763796687
ESP-La Liga,2526,Athletic Club,Álex Padilla,4,2025,147,12227,GK,1,90,0,0.0,0,0.0,0,0.0,0,0,0,0,0.03490247577428818,0.03490247577428818
ESP-La Liga,2526,Athletic Club,Íñigo Lekue,4,2025,147,2403,D S,11,607,0,0.13128633052110672,0,0.13128633052110672,0,0.04521955922245979,3,1,2,0,2.2843863498419523,2.107880437746644
ESP-La Liga,2526,Atletico Madrid,Ademola Lookman,4,2025,143,5556,F M S,12,638,4,4.462655797600746,3,3.719378188252449,0,1.687983624637127,21,10,1,0,6.548684094101191,2.55514994263649
ESP-La Liga,2526,Atletico Madrid,Aleksa Puric,4,2025,143,14224,S,2,40,0,0.0,0,0.0,0,0.0,0,0,0,0,0.3975091576576233,0.3975091576576233
ESP-La Liga,2526,Atletico Madrid,Alexander Sørloth,4,2025,143,6531,F S,35,1955,13,13.927608631551266,13,13.927608631551266,0,1.2237359210848808,68,10,4,1,15.904344144277275,2.849465993233025
ESP-La Liga,2526,Atletico Madrid,Antoine Griezmann,4,2025,143,2270,F S,34,1428,7,8.293904645368457,7,8.293904645368457,4,4.9885023310780525,47,32,0,0,17.252844139933586,7.144089825451374
ESP-La Liga,2526,Atletico Madrid,Clement Lenglet,4,2025,143,5050,D S,19,1402,0,0.30358620174229145,0,0.30358620174229145,1,0.3937023878097534,5,4,4,1,6.491023430600762,6.36877671815455
ESP-La Liga,2526,Atletico Madrid,Conor Gallagher,4,2025,143,9040,M S,19,630,2,1.2670744927600026,2,1.2670744927600026,0,0.49994678795337677,13,4,2,0,6.03503056243062,4.425485637038946
ESP-La Liga,2526,Atletico Madrid,Cubo,4,2025,143,14586,S,2,46,1,0.34391412138938904,1,0.34391412138938904,0,0.0,3,0,0,0,0.34391412138938904,0.0
ESP-La Liga,2526,Atletico Madrid,Dani Martinez,4,2025,143,14233,D,1,90,0,0.0,0,0.0,0,0.0,0,0,0,0,0.6260418891906738,0.6260418891906738
ESP-La Liga,2526,Atletico Madrid,David Hancko,4,2025,143,7086,D S,30,2443,0,1.6438409592956305,0,1.6438409592956305,2,2.1513782758265734,21,13,2,0,12.420591298490763,10.175065614283085
ESP-La Liga,2526,Atletico Madrid,Giacomo Raspadori,4,2025,143,7500,F S,12,203,0,0.8766965568065643,0,0.8766965568065643,1,0.9504356123507023,7,4,1,0,1.947984542697668,0.268772192299366
ESP-La Liga,2526,Atletico Madrid,Giménez,4,2025,143,2278,D S,16,1165,0,1.5400749556720257,0,1.5400749556720257,1,0.5037803649902344,13,1,3,0,3.9388817995786667,3.3341927975416183
ESP-La Liga,2526,Atletico Madrid,Giuliano Simeone,4,2025,143,9796,D F M S,31,2153,4,6.101236687973142,4,6.101236687973142,6,5.526886135339737,36,29,2,0,18.556789096444845,9.045107055455446
ESP-La Liga,2526,Atletico Madrid,Iker Luque,4,2025,143,14324,S,1,26,1,0.2805066406726837,1,0.2805066406726837,0,0.0,3,0,0,0,0.536297082901001,0.2703782021999359
ESP-La Liga,2526,Atletico Madrid,Jan Oblak,4,2025,143,2261,GK,30,2700,0,0.0,0,0.0,0,0.0,0,0,0,0,5.149367045611143,5.149367045611143
ESP-La Liga,2526,Atletico Madrid,Jano Monserrate,4,2025,143,13889,S,2,14,0,0.03315109759569168,0,0.03315109759569168,0,0.0,1,0,0,0,0.03315109759569168,0.0
ESP-La Liga,2526,Atletico Madrid,Javi Galán,4,2025,143,7385,D S,25,1806,0,0.1987070022150874,0,0.1987070022150874,1,1.9444998521357775,6,30,3,0,6.001055222004652,4.955446168780327
ESP-La Liga,2526,Atletico Madrid,Javier Boñar,4,2025,143,14225,D S,4,294,1,0.40209156461060047,1,0.40209156461060047,0,0.1284143328666687,2,2,0,0,1.4182734191417694,0.8877674639225006
ESP-La Liga,2526,Atletico Madrid,Javier Morcillo,4,2025,143,14555,M S,5,152,0,0.1446019411087036,0,0.1446019411087036,0,0.06771141290664673,2,1,2,0,1.285095565021038,1.2471618428826332
ESP-La Liga,2526,Atletico Madrid,Johnny Cardoso,4,2025,143,12323,M S,15,905,0,0.04422198887914419,0,0.04422198887914419,0,0.3355124518275261,2,3,5,0,2.7523770481348038,2.4710518792271614
ESP-La Liga,2526,Atletico Madrid,Juan Musso,4,2025,143,7095,GK,8,720,0,0.0,0,0.0,0,0.0,0,0,2,0,2.460761435329914,2.460761435329914
ESP-La Liga,2526,Atletico Madrid,Julio Díaz,4,2025,143,14323,D,4,322,0,0.032776471227407455,0,0.032776471227407455,1,0.5733384490013123,1,6,2,0,1.1388447135686874,1.0360560566186905
ESP-La Liga,2526,Atletico Madrid,Julián Álvarez,4,2025,143,10846,F S,29,1926,8,8.894600672647357,6,6.664767829701304,4,6.265264900401235,54,47,2,0,17.452052727341652,7.806348083540797
ESP-La Liga,2526,Atletico Madrid,Koke,4,2025,143,2269,M S,34,2237,2,0.96241644769907,2,0.96241644769907,2,3.4411915335804224,14,35,6,0,15.892835207283497,14.468499155715108
ESP-La Liga,2526,Atletico Madrid,Marc Pubill,4,2025,143,10189,D S,19,1377,1,1.3243792597204447,1,1.3243792597204447,1,0.6268223077058792,11,3,2,0,6.8829026222229,5.75148531794548
ESP-La Liga,2526,Atletico Madrid,Marcos Llorente,4,2025,143,2518,D M S,29,2190,0,2.2122418731451035,0,2.2122418731451035,4,4.202356196939945,18,20,5,1,17.013618292286992,12.5181664545089
ESP-La Liga,2526,Atletico Madrid,Matteo Ruggeri,4,2025,143,8872,D S,26,1767,0,0.2124060494825244,0,0.2124060494825244,3,3.9594309981912374,5,25,4,0,12.70430188626051,10.554738663136959
ESP-La Liga,2526,Atletico Madrid,Nahuel Molina,4,2025,143,8963,D M S,26,1292,2,0.4005685858428478,2,0.4005685858428478,2,3.0108713675290346,14,20,4,0,8.971317809075117,6.135595750063658
ESP-La Liga,2526,Atletico Madrid,Nicolás González,4,2025,143,7074,D F M S,24,1480,5,5.666498072445393,5,5.666498072445393,0,1.7241394147276878,43,12,4,1,10.485972724854946,5.266246838495135
ESP-La Liga,2526,Atletico Madrid,Obed Vargas,4,2025,143,14439,M S,12,742,0,0.19796131737530231,0,0.19796131737530231,1,0.1968949781730771,5,4,2,0,2.4817810729146004,2.10262493789196
ESP-La Liga,2526,Atletico Madrid,Pablo Barrios Rivas,4,2025,143,10494,M S,23,1672,1,1.4689873531460762,1,1.4689873531460762,1,1.6999459583312273,23,20,0,0,10.741906240582466,8.18633103556931
ESP-La Liga,2526,Atletico Madrid,Rayane Belaid,4,2025,143,12257,F M,2,140,0,0.5801612287759781,0,0.5801612287759781,0,0.2035212367773056,4,2,0,0,0.8024381846189499,0.15107065066695213
ESP-La Liga,2526,Atletico Madrid,Robin Le Normand,4,2025,143,7276,D S,28,1776,1,1.2779291793704033,1,1.2779291793704033,1,0.34180542454123497,6,2,5,0,10.35181195102632,9.952938174828887
ESP-La Liga,2526,Atletico Madrid,Rodrigo Mendoza,4,2025,143,11216,F M S,24,1243,1,1.1190941371023655,1,1.1190941371023655,1,1.3093878580257297,17,15,6,0,4.651535008102655,2.7004101844504476
ESP-La Liga,2526,Atletico Madrid,Taufik Seidu,4,2025,143,14080,S,1,15,0,0.0,0,0.0,0,0.0,0,0,1,0,0.0,0.0
ESP-La Liga,2526,Atletico Madrid,Thiago Almada,4,2025,143,13358,F M S,27,1327,3,3.557283066213131,3,3.557283066213131,1,2.7944966796785593,21,28,2,1,10.920750670135021,6.215710032731295
ESP-La Liga,2526,Atletico Madrid,Álex Baena,4,2025,143,8417,F M S,27,1615,2,1.78207378834486,2,1.78207378834486,3,6.565278625115752,29,46,5,0,11.438657112419605,6.362705545499921
ESP-La Liga,2526,Barcelona,Andreas Christensen,4,2025,148,200,D S,13,369,0,0.26390478387475014,0,0.26390478387475014,0,0.015875261276960373,4,1,2,0,2.129369180649519,2.0777733996510506
ESP-La Liga,2526,Barcelona,Dani Olmo,4,2025,148,8292,F M S,33,2109,7,8.75443153269589,7,8.75443153269589,8,6.657491793856025,70,50,1,0,22.55907628685236,10.709148935973644
ESP-La Liga,2526,Barcelona,Dro Fernández,4,2025,148,13749,M S,4,83,0,0.0,0,0.0,0,0.05164836347103119,0,2,0,0,0.6772245950996876,0.6255762316286564
ESP-La Liga,2526,Barcelona,Eric Garcia,4,2025,148,8045,D M S,34,2761,1,3.3442033734172583,1,3.3442033734172583,1,1.9652331974357367,25,30,5,0,24.66808094829321,23.55161388590932
ESP-La Liga,2526,Barcelona,Fermín López,4,2025,148,11822,F M S,30,1780,6,7.5230784229934216,6,7.5230784229934216,9,7.6479049026966095,68,34,3,0,24.60513487458229,12.423649363219738
ESP-La Liga,2526,Barcelona,Ferrán Torres,4,2025,148,6441,F M S,33,2025,16,16.183371974155307,16,16.183371974155307,2,3.157755734398961,69,23,1,0,23.031330455094576,5.379237103275955
ESP-La Liga,2526,Barcelona,Frenkie de Jong,4,2025,148,7781,M S,25,1597,1,1.0822599418461323,1,1.0822599418461323,5,5.096247639507055,7,35,3,1,20.46468347683549,16.202723745256662
ESP-La Liga,2526,Barcelona,Gavi,4,2025,148,9804,M S,11,578,0,0.0,0,0.0,1,0.68575119972229,0,8,3,0,3.0562055595219135,2.558164868503809
ESP-La Liga,2526,Barcelona,Gerard Martín,4,2025,148,12821,D S,32,2145,0,0.304868983104825,0,0.304868983104825,0,0.7627371614798903,7,13,6,0,14.448640180751681,13.939255250617862
ESP-La Liga,2526,Barcelona,Joan García,4,2025,148,9773,GK,30,2700,0,0.0,0,0.0,0,0.0,0,0,1,0,11.522286765277386,11.522286765277386
ESP-La Liga,2526,Barcelona,Jofre Torrents,4,2025,148,13748,S,3,33,0,0.0,0,0.0,0,0.0,0,0,0,0,1.2118503153324127,1.2118503153324127
ESP-La Liga,2526,Barcelona,João Cancelo,4,2025,148,2379,D S,16,938,2,0.9704140685498714,2,0.9704140685498714,2,3.250015649944544,13,15,1,0,7.625581830739975,5.459999196231365
ESP-La Liga,2526,Barcelona,Jules Koundé,4,2025,148,6433,D S,30,2247,1,2.200108475983143,1,2.200108475983143,3,4.6446145586669445,14,23,6,0,21.096838261932135,18.555321093648672
ESP-La Liga,2526,Barcelona,Lamine Yamal,4,2025,148,11527,F M S,28,2291,16,14.664689928293228,13,11.691579438745975,11,12.566995456814766,117,73,1,0,33.655128441751,15.989167042076588
ESP-La Liga,2526,Barcelona,Marc Bernal,4,2025,148,12820,M S,22,798,2,1.022160867229104,2,1.022160867229104,1,0.6727183200418949,7,5,4,0,5.6477179527282715,5.217132003977895
ESP-La Liga,2526,Barcelona,Marc Casadó,4,2025,148,11151,M S,24,957,0,1.0334394490346313,0,1.0334394490346313,1,0.5815958976745605,11,14,1,0,8.210956364870071,6.8881447948515415
ESP-La Liga,2526,Barcelona,Marcus Rashford,4,2025,148,556,F M S,32,1739,8,8.697766778059304,8,8.697766778059304,7,4.963629940524697,76,46,3,0,17.325936785899103,7.726865269243717
ESP-La Liga,2526,Barcelona,Pau Cubarsí,4,2025,148,12005,D,31,2733,1,0.5516378730535507,1,0.5516378730535507,0,0.4353954568505287,10,5,3,0,18.94529329240322,18.898506328463554
ESP-La Liga,2526,Barcelona,Pedri,4,2025,148,8935,M S,29,2117,2,2.386106515303254,2,2.386106515303254,9,5.947577686980367,21,63,0,1,25.240147041156888,19.385015258565545
ESP-La Liga,2526,Barcelona,Raphinha,4,2025,148,8026,F M S,22,1424,13,11.12714341841638,10,8.897310553118587,3,5.906838221475482,65,40,5,0,18.973049715161324,7.869677424430847
ESP-La Liga,2526,Barcelona,Robert Lewandowski,4,2025,148,227,F S,31,1630,14,16.066804450005293,13,13.836971666663885,2,2.2795287035405636,63,13,2,0,19.4469972550869,6.116905840113759
ESP-La Liga,2526,Barcelona,Ronald Araújo,4,2025,148,8091,D S,24,1049,3,2.3027837397530675,3,2.3027837397530675,0,0.5996876899152994,12,3,2,0,6.535599049180746,5.450850985944271
ESP-La Liga,2526,Barcelona,Roony Bardghji,4,2025,148,14064,F M S,21,612,1,1.7539864536374807,1,1.7539864536374807,1,1.9085090141743422,22,14,0,0,7.304453872144222,5.050251752138138
ESP-La Liga,2526,Barcelona,Tomás Marqués,4,2025,148,14205,S,2,5,0,0.0,0,0.0,0,0.0,0,0,0,0,0.0,0.0
ESP-La Liga,2526,Barcelona,Toni Fernández,4,2025,148,13110,F,1,48,0,0.0,0,0.0,0,0.08811617642641068,0,1,0,0,0.08811617642641068,0.0
ESP-La Liga,2526,Barcelona,Wojciech Szczesny,4,2025,148,1244,GK,8,720,0,0.0,0,0.0,0,0.0,0,0,0,0,2.3440184518694878,2.3440184518694878
ESP-La Liga,2526,Barcelona,Xavi Espart,4,2025,148,14129,D S,4,157,0,0.028416110202670097,0,0.028416110202670097,0,0.0,1,0,0,0,0.24190612882375717,0.21349001862108707
ESP-La Liga,2526,Barcelona,Álex Balde,4,2025,148,9805,D S,28,1910,0,0.7527575083076954,0,0.7527575083076954,2,2.8991151619702578,10,23,1,0,16.041015792638063,12.891519032418728
ESP-La Liga,2526,Barcelona,Álvaro Cortés,4,2025,148,13227,D,1,90,0,0.0,0,0.0,0,0.0,0,0,0,0,0.2356807291507721,0.2356807291507721
ESP-La Liga,2526,Celta Vigo,Andrés Antañón,4,2025,152,14500,F S,2,64,0,0.3174709677696228,0,0.3174709677696228,0,0.0,2,0,0,0,0.33593469858169556,0.018463755026459694
ESP-La Liga,2526,Celta Vigo,Borja Iglesias,4,2025,152,2543,F S,35,1903,14,11.60863982141018,10,8.635529387742281,2,1.6599800884723663,46,17,7,0,13.605882365256548,4.463654295541346
ESP-La Liga,2526,Celta Vigo,Bryan Zaragoza,4,2025,152,10143,F M S,19,1138,1,1.910445837303996,0,1.1671682186424732,1,2.2636110819876194,26,18,1,0,6.203656457364559,4.05707526486367
ESP-La Liga,2526,Celta Vigo,Carl Starfelt,4,2025,152,7655,D S,19,1492,0,0.3869095593690872,0,0.3869095593690872,0,0.07768241316080093,4,1,1,1,6.181167300790548,6.128349464386702
ESP-La Liga,2526,Celta Vigo,Carlos Domínguez,4,2025,152,9519,D S,8,602,0,0.49362051859498024,0,0.49362051859498024,0,0.032405056059360504,2,1,1,0,2.678647793829441,2.6462427377700806
ESP-La Liga,2526,Celta Vigo,Damián Rodríguez,4,2025,152,10614,M,2,155,0,0.06661918014287949,0,0.06661918014287949,0,0.12111035734415054,3,2,1,0,1.6293264627456665,1.5556451082229614
ESP-La Liga,2526,Celta Vigo,Fernando López,4,2025,152,13200,F M S,17,1179,1,1.8341996856033802,1,1.8341996856033802,1,1.3501867074519396,13,11,3,0,6.000391744077206,3.702056234702468
ESP-La Liga,2526,Celta Vigo,Ferrán Jutglà,4,2025,152,8549,F M S,30,1702,9,6.59795877058059,9,6.59795877058059,3,1.5541915334761143,45,15,4,0,8.991645194590092,2.8614895455539227
ESP-La Liga,2526,Celta Vigo,Fran Beltrán,4,2025,152,6931,M S,27,1544,1,0.6319965291768312,1,0.6319965291768312,0,0.9035117849707603,16,13,3,0,7.461615744046867,6.426595215685666
ESP-La Liga,2526,Celta Vigo,Hugo Burcio,4,2025,152,14362,S,1,4,0,0.0,0,0.0,0,0.0,0,0,0,0,0.13519926369190216,0.13519926369190216
ESP-La Liga,2526,Celta Vigo,Hugo Gonzalez,4,2025,152,10082,S,1,4,0,0.0,0,0.0,0,0.0,0,0,0,0,0.0,0.0
ESP-La Liga,2526,Celta Vigo,Hugo Sotelo,4,2025,152,9520,M S,20,1350,0,0.08968411758542061,0,0.08968411758542061,2,2.2126377504318953,2,25,3,0,7.093898443505168,6.4456347450613976
ESP-La Liga,2526,Celta Vigo,Hugo Álvarez,4,2025,152,10078,D F M S,28,1359,4,2.272590968757868,4,2.272590968757868,2,2.45073258318007,14,25,2,0,8.504904292523861,5.041602535173297
ESP-La Liga,2526,Celta Vigo,Iago Aspas,4,2025,152,2290,F M S,32,1082,5,4.438365060836077,3,2.9518098421394825,3,4.45842863060534,28,30,3,0,11.226651870645583,6.235691965557635
ESP-La Liga,2526,Celta Vigo,Ilaix Moriba,4,2025,152,9243,M S,36,2484,2,1.7799642700701952,2,1.7799642700701952,3,2.5140312388539314,18,17,8,0,11.089109930209816,7.12512020021677
ESP-La Liga,2526,Celta Vigo,Ionut Radu,4,2025,152,1830,GK,38,3420,0,0.0,0,0.0,0,0.14404179155826569,0,1,2,0,8.14351802226156,7.999476215802133
ESP-La Liga,2526,Celta Vigo,Javier Rodríguez,4,2025,152,12180,D S,33,2568,0,0.9755693003535271,0,0.9755693003535271,1,1.070571830496192,13,10,5,0,9.956079953350127,9.42049274686724
ESP-La Liga,2526,Celta Vigo,Javier Rueda,4,2025,152,12643,D S,26,1403,2,1.6056091226637363,2,1.6056091226637363,6,3.7907144660130143,11,15,6,0,9.066061735153198,6.396314866840839
ESP-La Liga,2526,Celta Vigo,Jones El Abdellaoui,4,2025,152,13361,D F M S,22,621,2,2.383013777434826,2,2.383013777434826,0,0.5126708522439003,17,9,0,0,4.237487357109785,1.9190355464816093
ESP-La Liga,2526,Celta Vigo,Joseph Aidoo,4,2025,152,7826,D S,8,640,0,0.35323455929756165,0,0.35323455929756165,0,0.0,2,0,0,0,1.9199420809745789,1.9199420809745789
ESP-La Liga,2526,Celta Vigo,Manuel Fernández,4,2025,152,13787,D S,14,768,0,0.04206627048552036,0,0.04206627048552036,0,0.031080355867743492,2,2,2,0,3.841555669903755,3.768409088253975
ESP-La Liga,2526,Celta Vigo,Marcos Alonso,4,2025,152,1621,D S,32,2780,1,2.298372241668403,0,1.555094632320106,0,1.5685960501432419,24,14,5,0,14.406851345673203,13.42302238382399
ESP-La Liga,2526,Celta Vigo,Matías Vecino,4,2025,152,1423,M S,6,136,0,0.04225983843207359,0,0.04225983843207359,0,0.0,2,0,0,0,0.9760599210858345,0.9568000212311745
ESP-La Liga,2526,Celta Vigo,Miguel Román,4,2025,152,13620,M S,19,1297,1,1.1040805764496326,1,1.1040805764496326,0,2.0899811750277877,9,17,3,0,8.5124043636024,6.327844304963946
ESP-La Liga,2526,Celta Vigo,Mihailo Ristic,4,2025,152,5947,D S,5,266,0,0.016058174893260002,0,0.016058174893260002,0,0.06603759899735451,1,2,0,0,0.6196794584393501,0.5375836826860905
ESP-La Liga,2526,Celta Vigo,Pablo Durán,4,2025,152,11154,F M S,30,1451,2,4.305393448099494,2,4.305393448099494,2,2.1502566440030932,37,10,1,0,6.900707961991429,1.5438736779615283
ESP-La Liga,2526,Celta Vigo,Sergio Carreira,4,2025,152,8122,D S,34,2695,2,1.9027378391474485,2,1.9027378391474485,1,1.643869117833674,16,19,2,0,13.548812368884683,11.546978773549199
ESP-La Liga,2526,Celta Vigo,Williot Swedberg,4,2025,152,10870,F M S,29,1237,5,5.188336543738842,5,5.188336543738842,5,1.9846364725381136,23,10,2,0,8.525909911841154,3.268151741474867
ESP-La Liga,2526,Celta Vigo,Yoel Lago,4,2025,152,12642,D S,12,966,0,0.057871464639902115,0,0.057871464639902115,0,0.07665001228451729,1,2,4,0,2.9164676181972027,2.892027758061886
ESP-La Liga,2526,Celta Vigo,Álvaro Núñez,4,2025,152,13836,D M S,25,2006,0,0.22438636980950832,0,0.22438636980950832,2,2.5366643499583006,6,21,2,0,9.689458632841706,8.704271027818322
ESP-La Liga,2526,Celta Vigo,Óscar Mingueza,4,2025,152,9011,D M S,34,1949,1,0.49656450003385544,1,0.49656450003385544,4,4.096559967845678,14,31,4,0,13.00799715705216,10.55303399823606
ESP-La Liga,2526,Elche,Adam El Mokhtari,4,2025,207,14013,S,7,85,1,0.2682787664234638,1,0.2682787664234638,0,0.07236356288194656,5,1,0,0,0.3396428460255265,0.17286414746195078
ESP-La Liga,2526,Elche,Adrià Pedrosa,4,2025,207,7174,D M S,27,1053,1,0.9618624746799469,1,0.9618624746799469,1,1.5713484236039221,12,23,4,0,4.787631997838616,2.7506841495633125
ESP-La Liga,2526,Elche,Aleix Febas,4,2025,207,7842,M,36,3178,2,2.1838237196207047,2,2.1838237196207047,2,2.102244376204908,23,27,10,0,16.84352259710431,14.49692191183567
ESP-La Liga,2526,Elche,Ali Houary,4,2025,207,13838,M,2,133,0,0.05584482476115227,0,0.05584482476115227,0,0.0,2,0,0,0,0.05584482476115227,0.0
ESP-La Liga,2526,Elche,Alvaro Rodríguez,4,2025,207,11186,F S,34,2199,7,12.178225251846015,7,12.178225251846015,5,3.8613251298666,74,32,2,0,15.052477269433439,2.8061029156669974
ESP-La Liga,2526,Elche,André Silva,4,2025,207,6170,F S,31,1858,10,10.836609966121614,7,8.606777063570917,0,1.556909404695034,57,22,3,0,9.467075154185295,2.252919040620327
ESP-La Liga,2526,Elche,Bambo Diaby,4,2025,207,13843,D S,4,98,0,0.0,0,0.0,0,0.0,0,0,1,0,0.060025510378181934,0.060025510378181934
ESP-La Liga,2526,Elche,Buba Sangaré,4,2025,207,12870,D S,12,556,0,0.09252278879284859,0,0.09252278879284859,0,0.0,2,1,3,0,0.9505368992686272,0.8770411163568497
ESP-La Liga,2526,Elche,David Affengruber,4,2025,207,13837,D S,36,2958,1,1.327795687597245,1,1.327795687597245,1,1.4741862853989005,14,9,7,1,9.452831268310547,8.721062500029802
ESP-La Liga,2526,Elche,Federico Redondo,4,2025,207,13841,M S,11,158,0,0.0722631886601448,0,0.0722631886601448,0,0.010466544888913631,1,1,0,0,0.09381600189954042,0.08334945701062679
ESP-La Liga,2526,Elche,German Valera,4,2025,207,8230,D F M S,36,2888,4,2.898498496040702,4,2.898498496040702,5,7.393028756603599,28,45,4,1,14.3036432787776,7.749514225870371
ESP-La Liga,2526,Elche,Gonzalo Villar,4,2025,207,6750,M S,12,722,1,0.21477508917450905,1,0.21477508917450905,0,0.048122406005859375,4,2,3,0,2.1673560813069344,1.957960419356823
ESP-La Liga,2526,Elche,Grady Diangana,4,2025,207,6651,F M S,20,937,1,1.3557052668184042,1,1.3557052668184042,0,1.0902443211525679,16,10,3,0,4.737419964745641,2.6604948360472918
ESP-La Liga,2526,Elche,Hector Fort,4,2025,207,12171,D S,14,478,2,0.7133369892835617,2,0.7133369892835617,2,0.21326065063476562,12,4,0,0,2.068314729258418,1.3800024185329676
ESP-La Liga,2526,Elche,Iñaki Peña,4,2025,207,7287,GK,16,1440,0,0.0,0,0.0,0,0.40407949686050415,0,3,0,0,3.897747155278921,3.5779708586633205
ESP-La Liga,2526,Elche,Jairo Izquierdo,4,2025,207,9008,S,1,22,0,0.0,0,0.0,0,0.0,0,0,0,0,0.0,0.0
ESP-La Liga,2526,Elche,John Donald,4,2025,207,9199,D M S,21,637,1,1.034037446603179,1,1.034037446603179,0,0.03375618904829025,6,1,3,0,4.0597220826894045,2.991928454488516
ESP-La Liga,2526,Elche,Josan,4,2025,207,8893,D M S,19,525,0,0.2787706330418587,0,0.2787706330418587,3,2.9174478389322758,3,20,2,0,4.811085230670869,2.106689431704581
ESP-La Liga,2526,Elche,Leo Petrot,4,2025,207,7574,D S,32,1572,0,0.4956944026052952,0,0.4956944026052952,0,0.025175416842103004,8,1,2,1,4.4949280973523855,4.273093161173165
ESP-La Liga,2526,Elche,Lucas Cepeda,4,2025,207,14400,M S,10,390,1,1.1138509334996343,1,1.1138509334996343,0,0.26653315126895905,13,6,1,0,1.8939940771088004,0.8429856654256582
ESP-La Liga,2526,Elche,Marc Aguado,4,2025,207,13839,M S,35,2539,1,0.21631649136543274,1,0.21631649136543274,2,0.5746705206111073,3,11,3,0,5.5891433618962765,5.029345314949751
ESP-La Liga,2526,Elche,Martim Neto,4,2025,207,13840,F M S,25,1367,2,1.0407912489026785,2,1.0407912489026785,5,2.8169090934097767,12,26,2,0,6.866276768967509,4.922171989455819
ESP-La Liga,2526,Elche,Matías Dituro,4,2025,207,9793,GK,22,1980,0,0.0,0,0.0,0,0.10834117792546749,0,2,1,0,4.058199893683195,3.9498587287962437
ESP-La Liga,2526,Elche,Mourad El Ghezouani,4,2025,207,8946,S,2,42,0,0.1101522445678711,0,0.1101522445678711,0,0.03020547889173031,1,1,0,0,0.2580279465764761,0.1176702231168747
ESP-La Liga,2526,Elche,Pedro Bigas,4,2025,207,2353,D S,28,2078,1,0.8961452543735504,1,0.8961452543735504,3,1.9694299679249525,10,15,3,1,9.460428934544325,8.860037345439196
ESP-La Liga,2526,Elche,Rafa Mir,4,2025,207,2589,F M S,27,1834,8,8.264916526153684,7,6.778489189222455,0,1.7095182929188013,69,9,4,0,11.559987911954522,4.549745937809348
ESP-La Liga,2526,Elche,Tete Morente,4,2025,207,8895,D M S,13,940,1,0.7541587688028812,1,0.7541587688028812,1,1.3126383945345879,8,12,1,0,2.6778974533081055,1.4394641816616058
ESP-La Liga,2526,Elche,Victor Chust,4,2025,207,8972,D S,31,2146,1,0.43208324909210205,1,0.43208324909210205,0,0.14542781747877598,8,5,6,1,5.763874681666493,5.705676449462771
ESP-La Liga,2526,Elche,Yago Alonso,4,2025,207,11617,M S,9,275,0,0.1545259803533554,0,0.1545259803533554,0,0.08231541514396667,2,2,1,0,0.6895101312547922,0.5053495075553656
ESP-La Liga,2526,Elche,Álex Sánchez,4,2025,207,14366,S,1,5,0,0.0,0,0.0,1,0.07984471321105957,0,1,0,0,0.07984471321105957,0.07984471321105957
ESP-La Liga,2526,Espanyol,Antoniu Roca,4,2025,141,12901,M S,13,262,0,0.22349121049046516,0,0.22349121049046516,0,0.18818654865026474,5,3,2,0,1.8667865842580795,1.4656611531972885
ESP-La Liga,2526,Espanyol,Carlos Romero,4,2025,141,11402,D,36,3207,6,2.956237475387752,6,2.956237475387752,3,3.295898557640612,42,28,4,0,11.255615886300802,7.793717348948121
ESP-La Liga,2526,Espanyol,Charles Pickel,4,2025,141,10936,M S,24,658,1,0.7815196216106415,1,0.7815196216106415,0,0.03527922462671995,10,2,1,2,2.819475682452321,2.26914856210351
ESP-La Liga,2526,Espanyol,Clemens Riedel,4,2025,141,11924,D S,20,1405,0,0.10876551270484924,0,0.10876551270484924,1,0.17818100657314062,3,4,5,0,2.985293955542147,2.905074262060225
ESP-La Liga,2526,Espanyol,Cyril Ngonge,4,2025,141,11306,M S,9,441,0,0.45276806876063347,0,0.45276806876063347,2,1.3367659226059914,11,8,4,0,1.2892310991883278,0.10153745766729116
ESP-La Liga,2526,Espanyol,Edu Expósito,4,2025,141,5081,F M S,36,2593,1,2.5784924146719277,1,2.5784924146719277,6,8.028833229094744,44,82,9,0,10.837253779172897,6.840502029284835
ESP-La Liga,2526,Espanyol,Fernando Calero,4,2025,141,6916,D S,28,2159,0,2.0030301241204143,0,2.0030301241204143,0,0.5543733611702919,11,3,5,0,2.6128574209287763,2.4083885895088315
ESP-La Liga,2526,Espanyol,Javi Puado,4,2025,141,6933,F M S,10,687,2,4.838970278389752,1,3.3524150969460607,0,0.9579164311289787,15,10,2,0,3.2629179880023003,1.2333675622940063
ESP-La Liga,2526,Espanyol,Jofre Carreras,4,2025,141,10209,M S,26,890,1,2.1467764284461737,1,2.1467764284461737,0,1.4310225043445826,23,15,1,0,4.282202575355768,1.191993448883295
ESP-La Liga,2526,Espanyol,José Salinas,4,2025,141,8902,D S,11,232,0,0.09471313655376434,0,0.09471313655376434,0,0.12903016805648804,1,4,2,0,1.0751010030508041,0.9603677988052368
ESP-La Liga,2526,Espanyol,Kike García,4,2025,141,5074,F S,37,1694,8,10.003981161862612,7,8.517553839832544,1,2.6575004514306784,60,19,3,0,12.71857414022088,2.124022038653493
ESP-La Liga,2526,Espanyol,Leandro Cabrera,4,2025,141,6168,D,37,3330,3,3.651096777059138,3,3.651096777059138,0,1.0857037864625454,40,11,4,0,7.0683932332322,6.544433953240514
ESP-La Liga,2526,Espanyol,Lluc Castell,4,2025,141,14588,S,1,15,0,0.0,0,0.0,0,0.0,0,0,0,0,0.0,0.0
ESP-La Liga,2526,Espanyol,Luca Koleosho,4,2025,141,10620,S,3,48,0,0.024271871894598007,0,0.024271871894598007,0,0.018936829641461372,1,1,0,0,0.2459692731499672,0.20276057720184326
ESP-La Liga,2526,Espanyol,Marko Dmitrovic,4,2025,141,6224,GK,37,3330,0,0.0,0,0.0,0,0.030415348708629608,0,1,0,0,4.61260715033859,4.58219179417938
ESP-La Liga,2526,Espanyol,Miguel Ángel Rubio,4,2025,141,6740,D S,12,168,1,0.5985301695764065,1,0.5985301695764065,0,0.0,2,0,0,0,0.2453732704743743,0.2453732704743743
ESP-La Liga,2526,Espanyol,Omar El Hilali,4,2025,141,10875,D S,36,2853,0,0.013671329244971275,0,0.013671329244971275,2,1.6936176465824246,1,17,9,0,5.094719165936112,3.9731050971895456
ESP-La Liga,2526,Espanyol,Pere Milla,4,2025,141,4175,F M S,33,2005,7,7.654542326927185,7,7.654542326927185,1,4.100008985027671,59,34,6,1,11.191884029656649,3.3394176652655005
ESP-La Liga,2526,Espanyol,Pol Lozano,4,2025,141,7916,M S,33,2211,2,0.7202332802116871,2,0.7202332802116871,1,1.3134498577564955,17,22,10,1,7.324701470322907,6.574305829592049
ESP-La Liga,2526,Espanyol,Ramón Terrats,4,2025,141,10947,F M S,29,1020,1,1.189048240892589,1,1.189048240892589,2,2.365290615707636,15,16,0,0,4.1886972123757005,1.2467945348471403
ESP-La Liga,2526,Espanyol,Roberto Fernández,4,2025,141,13350,F S,38,2388,7,9.296747288666666,6,8.553469679318368,3,3.1568277506157756,59,18,3,0,12.14238354191184,2.0526475217193365
ESP-La Liga,2526,Espanyol,Rubén Sánchez,4,2025,141,10067,D M S,21,774,0,0.17505863774567842,0,0.17505863774567842,1,1.105343360453844,8,10,2,0,4.239415235817432,3.1734081245958805
ESP-La Liga,2526,Espanyol,Tyrhys Dolan,4,2025,141,13829,M S,36,2481,2,2.763452537357807,2,2.763452537357807,5,4.420420179143548,34,32,5,1,9.854958691634238,4.32685121987015
ESP-La Liga,2526,Espanyol,Urko Gonzalez,4,2025,141,8861,M S,36,2615,0,0.6285140076652169,0,0.6285140076652169,1,0.3392333183437586,18,10,7,0,5.933217795565724,5.271215932443738
ESP-La Liga,2526,Espanyol,Ángel Fortuño,4,2025,141,10874,GK,1,90,0,0.0,0,0.0,0,0.0,0,0,0,0,0.052320852875709534,0.052320852875709534
ESP-La Liga,2526,Getafe,Abdelkabir Abqar,4,2025,142,9297,D S,23,1479,0,0.3874060558155179,0,0.3874060558155179,2,0.7393411099910736,7,4,10,1,0.4710551081225276,0.3116732258349657
ESP-La Liga,2526,Getafe,Abu Kamara,4,2025,142,10526,M S,12,210,0,0.42044226825237274,0,0.42044226825237274,0,0.09885786660015583,4,3,1,0,0.5959860552102327,0.07668591849505901
ESP-La Liga,2526,Getafe,Adrián Liso,4,2025,142,13789,F M S,28,1725,3,2.757198302075267,3,2.757198302075267,0,0.1507773920893669,26,4,3,1,3.0900558568537235,0.3200403545051813
ESP-La Liga,2526,Getafe,Alejandro Mestanza,4,2025,142,14287,M S,3,68,0,0.01869388110935688,0,0.01869388110935688,0,0.0,1,0,0,0,0.06233642715960741,0.04364254605025053
ESP-La Liga,2526,Getafe,Alex Sancris,4,2025,142,14086,F M S,18,693,0,0.3980247313156724,0,0.3980247313156724,1,0.996218825224787,13,9,2,1,1.1331927608698606,0.6849178597331047
ESP-La Liga,2526,Getafe,Alex Sola,4,2025,142,7424,S,1,10,0,0.0,0,0.0,0,0.0,0,0,0,0,0.0,0.0
ESP-La Liga,2526,Getafe,Borja Mayoral,4,2025,142,2252,F S,16,1072,4,3.4905536491423845,4,2.747275995090604,1,0.560979638248682,15,5,0,0,2.6726806866936386,0.4403858962468803
ESP-La Liga,2526,Getafe,Christantus Uche,4,2025,142,12726,F,3,270,1,1.4415657743811607,1,1.4415657743811607,1,0.6371117904782295,6,4,1,0,2.1472005546092987,0.06852305494248867
ESP-La Liga,2526,Getafe,Coba da Costa,4,2025,142,13047,M S,14,318,0,0.2343458440154791,0,0.2343458440154791,0,0.08499301550909877,5,3,1,0,0.6364300651475787,0.43546302150934935
ESP-La Liga,2526,Getafe,Damián Cáceres,4,2025,142,14603,M S,3,150,0,0.0,0,0.0,0,0.0,0,0,0,0,0.10201181471347809,0.10201181471347809
ESP-La Liga,2526,Getafe,David Soria,4,2025,142,2415,GK,38,3420,0,0.0,0,0.0,0,0.046500302851200104,0,1,2,0,1.7877731248736382,1.7877731248736382
ESP-La Liga,2526,Getafe,Davinchi,4,2025,142,13788,D S,14,688,0,0.19618964567780495,0,0.19618964567780495,0,0.059857865795493126,4,3,2,0,0.49781464226543903,0.30778488144278526
ESP-La Liga,2526,Getafe,Diego Rico,4,2025,142,5065,D S,28,1723,0,0.2927396623417735,0,0.2927396623417735,0,0.8772552907466888,11,10,3,0,1.4686552183702588,0.5435091145336628
ESP-La Liga,2526,Getafe,Djené Dakonam,4,2025,142,6151,D M S,34,2601,0,0.06865107547491789,0,0.06865107547491789,0,0.22259433940052986,3,3,10,2,2.8946734238415956,2.7105430271476507
ESP-La Liga,2526,Getafe,Domingos Duarte,4,2025,142,7860,D,34,2953,1,0.8303996156901121,1,0.8303996156901121,1,0.9081846736371517,13,2,12,0,1.415994401089847,1.2935767909511924
ESP-La Liga,2526,Getafe,Hugo Solozabal,4,2025,142,13638,S,1,4,0,0.0,0,0.0,0,0.0,0,0,0,0,0.0,0.0
ESP-La Liga,2526,Getafe,Ismael Bekhoucha,4,2025,142,13334,D S,4,106,0,0.025432489812374115,0,0.025432489812374115,1,0.721170961856842,1,1,2,0,1.1573026180267334,0.4361315965652466
ESP-La Liga,2526,Getafe,Javi Muñoz,4,2025,142,4168,F M S,17,527,0,0.3324222560040653,0,0.3324222560040653,0,0.2619094252586365,14,7,0,0,0.9011456496082246,0.4265056401491165
ESP-La Liga,2526,Getafe,Jorge Montes,4,2025,142,14202,S,1,24,0,0.0,0,0.0,0,0.0,0,1,0,0,0.0,0.0
ESP-La Liga,2526,Getafe,Joselu Pérez,4,2025,142,13790,S,2,16,0,0.014085882343351841,0,0.014085882343351841,0,0.0,1,0,0,0,0.014085882343351841,0.0
ESP-La Liga,2526,Getafe,Juan Iglesias,4,2025,142,9218,D M S,37,3189,1,1.226545930840075,1,1.226545930840075,2,2.002802025526762,26,17,4,0,7.210621759295464,5.044199001044035
ESP-La Liga,2526,Getafe,Juanmi,4,2025,142,897,S,8,152,1,0.13904428482055664,1,0.13904428482055664,0,0.05573514848947525,2,2,0,0,0.17780200019478798,0.05972769297659397
ESP-La Liga,2526,Getafe,Kiko Femenía,4,2025,142,5043,D M S,28,2070,1,0.9618913042359054,1,0.9618913042359054,1,1.9188834317028522,8,17,6,0,3.8111339267343283,1.2898593991994858
ESP-La Liga,2526,Getafe,Luis Milla,4,2025,142,8725,M,37,3288,1,1.4706194661557674,1,1.4706194661557674,10,6.843989523127675,27,78,4,1,7.731246910057962,4.7804497964680195
ESP-La Liga,2526,Getafe,Luis Vázquez,4,2025,142,14388,F S,17,1232,3,2.6704405779019,3,2.6704405779019,1,0.16504967398941517,25,4,2,0,4.0771912625059485,1.7306871116161346
ESP-La Liga,2526,Getafe,Mario Martín,4,2025,142,11349,F M S,35,2158,2,2.9510428346693516,2,2.9510428346693516,1,0.916083893738687,26,8,11,0,3.979537969455123,1.4174842182546854
ESP-La Liga,2526,Getafe,Martín Satriano,4,2025,142,9001,F M,18,1609,6,4.711501374840736,6,4.711501374840736,1,2.4850312769412994,35,15,5,0,8.570994183421135,1.9049698896706104
ESP-La Liga,2526,Getafe,Mauro Arambarri,4,2025,142,3264,M,37,3279,6,8.078672235831618,4,5.8488394152373075,2,0.9766136407852173,57,22,6,0,5.961405856534839,2.0200484236702323
ESP-La Liga,2526,Getafe,Nyom,4,2025,142,565,D S,15,522,0,0.13120730221271515,0,0.13120730221271515,1,1.1202348694205284,3,4,5,1,1.2234054617583752,0.013233568519353867
ESP-La Liga,2526,Getafe,Sebastián Boselli,4,2025,142,14389,D S,11,356,0,0.39554721489548683,0,0.39554721489548683,0,0.28201672434806824,4,1,4,0,0.35161851719021797,0.047451701015233994
ESP-La Liga,2526,Getafe,Veljko Birmancevic,4,2025,142,11091,F S,6,129,0,0.06350088492035866,0,0.06350088492035866,0,0.10946157574653625,2,2,0,0,1.493745282292366,1.3207827620208263
ESP-La Liga,2526,Getafe,Yvan Neyou,4,2025,142,8689,S,5,49,0,0.0,0,0.0,0,0.0,0,0,2,0,0.0,0.0
ESP-La Liga,2526,Getafe,Zaid Romero,4,2025,142,14387,D,15,1350,1,1.0052571017295122,1,1.0052571017295122,0,0.0902770534157753,10,2,3,1,2.842687303200364,2.554918821901083
ESP-La Liga,2526,Girona,Abel Ruiz,4,2025,223,7549,S,9,168,0,0.29203977435827255,0,0.29203977435827255,0,0.1312386691570282,5,2,0,0,1.2712495923042297,0.8877681791782379
ESP-La Liga,2526,Girona,Alejandro Francés,4,2025,223,12723,D S,24,1077,0,0.6590694738551974,0,0.6590694738551974,2,1.4396104291081429,16,10,2,1,6.060367487370968,5.5678981095552444
ESP-La Liga,2526,Girona,Arnau Martinez,4,2025,223,10949,D M S,35,2715,2,2.124434665776789,2,2.124434665776789,3,2.70481881685555,19,23,6,0,10.917901353910565,8.976429961621761
ESP-La Liga,2526,Girona,Axel Witsel,4,2025,223,3059,M S,32,2546,1,2.5918547697365284,1,2.5918547697365284,2,2.218277433887124,20,17,0,1,10.09136007912457,9.34759215824306
ESP-La Liga,2526,Girona,Azz-Eddine Ounahi,4,2025,223,8328,F M S,24,1777,5,3.8501516468822956,4,3.106873992830515,2,5.440476134419441,51,35,6,0,13.077412985265255,8.065416779369116
ESP-La Liga,2526,Girona,Bojan Miovski,4,2025,223,12995,F,1,44,0,0.0,0,0.0,0,0.0,0,0,0,0,0.0,0.0
ESP-La Liga,2526,Girona,Bryan Gil Salvatierra,4,2025,223,7338,F M S,29,1607,0,3.14223606325686,0,3.14223606325686,3,3.6251211799681187,27,21,5,0,11.089613553136587,6.996503568254411
ESP-La Liga,2526,Girona,Claudio Echeverri,4,2025,223,13649,F M S,17,606,1,2.120521953329444,1,2.120521953329444,1,1.088322913274169,21,8,4,0,4.070073027163744,1.4420119039714336
ESP-La Liga,2526,Girona,Cristhian Stuani,4,2025,223,1709,F S,21,359,5,5.82486117631197,2,2.851750649511814,0,0.1323026791214943,19,2,4,0,3.2117518186569214,0.5094254016876221
ESP-La Liga,2526,Girona,Daley Blind,4,2025,223,548,D S,31,2624,0,0.2643272480927408,0,0.2643272480927408,0,0.7392632644623518,5,11,1,0,10.429523061960936,10.079609762877226
ESP-La Liga,2526,Girona,David López,4,2025,223,1857,D S,5,300,0,0.6544463038444519,0,0.6544463038444519,0,0.0,1,0,0,0,0.7772146426141262,0.7772146426141262
ESP-La Liga,2526,Girona,Dawda Camara,4,2025,223,11381,F S,2,73,0,0.16032399237155914,0,0.16032399237155914,0,0.07423870265483856,2,1,0,0,0.13990389555692673,0.0
ESP-La Liga,2526,Girona,Donny van de Beek,4,2025,223,8821,M S,2,37,0,0.07745239697396755,0,0.07745239697396755,0,0.0,2,0,0,0,0.37449878454208374,0.29704639315605164
ESP-La Liga,2526,Girona,Hugo Rincón,4,2025,223,12189,D S,33,1713,1,0.6909217592328787,1,0.6909217592328787,1,1.3317618854343891,7,10,4,0,5.528506241738796,4.207219677045941
ESP-La Liga,2526,Girona,Iván Martín,4,2025,223,7529,M S,35,2558,0,1.1094311196357012,0,1.1094311196357012,1,2.176630087196827,13,26,3,1,10.834588035941124,8.479688461869955
ESP-La Liga,2526,Girona,Jhon Solis,4,2025,223,12046,M S,12,362,0,0.1824372038245201,0,0.1824372038245201,0,0.06164813041687012,3,1,0,0,0.8263201098889112,0.7203838434070349
ESP-La Liga,2526,Girona,Joel Roca,4,2025,223,10952,F M S,32,1463,3,4.518066472373903,3,4.518066472373903,1,1.9510410130023956,48,16,4,1,8.29686073306948,1.9931063894182444
ESP-La Liga,2526,Girona,Juan Arango,4,2025,223,14227,S,2,14,0,0.0,0,0.0,0,0.0,0,0,1,0,0.0,0.0
ESP-La Liga,2526,Girona,Ladislav Krejcí,4,2025,223,12721,D,2,180,0,0.12153472751379013,0,0.12153472751379013,0,0.0,1,0,1,0,0.11344128288328648,0.11344128288328648
ESP-La Liga,2526,Girona,Lancinet Kourouma,4,2025,223,14089,S,5,23,0,0.0,0,0.0,0,0.0,0,0,0,1,0.0,0.0
ESP-La Liga,2526,Girona,Marc-André ter Stegen,4,2025,223,2090,GK,2,180,0,0.0,0,0.0,0,0.0,0,0,0,0,0.024569794535636902,0.024569794535636902
ESP-La Liga,2526,Girona,Paulo Gazzaniga,4,2025,223,973,GK,35,3102,0,0.0,0,0.0,0,0.0,0,0,4,1,4.276501512154937,4.276501512154937
ESP-La Liga,2526,Girona,Portu,4,2025,223,6118,F M S,10,463,0,1.6742162741720676,0,1.6742162741720676,0,0.18959057331085205,9,3,2,0,2.053294636309147,0.457047451287508
ESP-La Liga,2526,Girona,Thomas Lemar,4,2025,223,3425,M S,27,1252,3,1.774252887815237,3,1.774252887815237,1,1.3809418808668852,17,19,4,0,6.247596652712673,3.8158258427865803
ESP-La Liga,2526,Girona,Viktor Tsygankov,4,2025,223,11322,F M S,32,2672,6,7.313595972955227,6,7.313595972955227,5,4.26087084133178,50,55,3,0,15.098643213510513,5.471966687589884
ESP-La Liga,2526,Girona,Vitor Reis,4,2025,223,13380,D S,36,3137,1,1.9711542688310146,1,1.9711542688310146,1,0.8653075750917196,19,8,9,1,9.510100200772285,8.20014369674027
ESP-La Liga,2526,Girona,Vladyslav Krapyvtsov,4,2025,223,13420,GK S,2,136,0,0.0,0,0.0,0,0.0,0,0,0,0,0.06566519290208817,0.06566519290208817
ESP-La Liga,2526,Girona,Vladyslav Vanat,4,2025,223,14041,F,27,2003,9,9.496832385659218,6,7.2669995576143265,1,2.1041252370923758,27,12,4,0,8.851113688200712,1.6265962794423103
ESP-La Liga,2526,Girona,Yangel Herrera,4,2025,223,7350,M S,14,638,0,0.689001614227891,0,0.689001614227891,0,0.05489660054445267,6,2,2,0,1.6791701149195433,1.4945150688290596
ESP-La Liga,2526,Girona,Yáser Asprilla,4,2025,223,13005,F M S,15,601,0,0.5583002185449004,0,0.5583002185449004,0,1.7849864326417446,15,12,0,0,1.4411142249591649,0.7090051285922527
ESP-La Liga,2526,Girona,Álex Moreno,4,2025,223,4120,D S,31,2554,0,1.5723254941403866,0,1.5723254941403866,3,2.917876537889242,17,16,5,0,10.622359491884708,6.971142928581685
ESP-La Liga,2526,Levante,Adrián De la Fuente,4,2025,151,10319,D S,33,2704,3,4.289415382780135,2,2.0595825174823403,1,1.4081206684932113,39,18,5,0,6.009899263270199,5.362125953659415
ESP-La Liga,2526,Levante,Alan Matturro,4,2025,151,12078,D S,19,918,1,0.9369660560041666,1,0.9369660560041666,1,1.1987895714119077,8,4,0,1,3.3469478487968445,1.891314934939146
ESP-La Liga,2526,Levante,Carlos Espí,4,2025,151,13769,F S,25,1328,11,9.884630508720875,11,9.884630508720875,0,0.6899255998432636,57,9,3,0,9.323621347546577,0.3610123936086893
ESP-La Liga,2526,Levante,Carlos Álvarez,4,2025,151,11264,M S,30,1910,3,2.646204930730164,3,2.646204930730164,1,4.597994323819876,31,40,3,0,10.988976924680173,6.164044106379151
ESP-La Liga,2526,Levante,Diego Pampín,4,2025,151,6291,D S,8,526,0,0.13482686132192612,0,0.13482686132192612,0,0.10395562648773193,3,3,3,0,1.4976367056369781,1.25885421782732
ESP-La Liga,2526,Levante,Etta Eyong,4,2025,151,10930,F S,33,1657,7,11.020547241903841,7,10.277269617654383,4,2.822161927819252,50,15,3,0,12.05828979704529,2.071900935843587
ESP-La Liga,2526,Levante,Goduine Koyalipou,4,2025,151,13335,F S,11,217,1,1.2652598228305578,1,1.2652598228305578,0,0.35875242948532104,10,1,1,0,1.43799864128232,0.0
ESP-La Liga,2526,Levante,Iker Losada,4,2025,151,7825,M S,23,882,3,2.140321670100093,3,2.140321670100093,1,0.5301704537123442,14,11,1,0,2.3661416564136744,0.4045812226831913
ESP-La Liga,2526,Levante,Iván Romero,4,2025,151,9275,F M S,32,2339,7,9.594019802287221,7,8.850742192938924,1,2.88573707267642,59,25,5,0,14.721420374698937,4.722817124798894
ESP-La Liga,2526,Levante,Jeremy Toljan,4,2025,151,257,D,37,3199,1,0.848660696297884,1,0.848660696297884,4,4.971433887258172,9,28,8,0,12.49036306887865,9.120427509769797
ESP-La Liga,2526,Levante,Jon Ander Olasagasti,4,2025,151,9466,F M S,33,1712,1,2.1322602536529303,1,2.1322602536529303,5,4.480237754993141,28,36,2,1,7.8441795744001865,4.710497124120593
ESP-La Liga,2526,Levante,Jorge Cabello,4,2025,151,13766,D S,5,367,0,0.0,0,0.0,0,0.0,0,0,1,0,0.7887009792029858,0.7887009792029858
ESP-La Liga,2526,Levante,Kareem Tunde,4,2025,151,14258,M S,21,1183,0,1.2944607771933079,0,1.2944607771933079,1,0.6319677345454693,21,6,3,0,3.7132494738325477,2.09413805231452
ESP-La Liga,2526,Levante,Kervin Arriaga,4,2025,151,14050,M S,27,1511,3,1.0908419089391828,3,1.0908419089391828,3,1.162239396944642,16,7,6,1,5.125545285642147,3.795021541416645
ESP-La Liga,2526,Levante,Manuel Sánchez,4,2025,151,7605,D S,33,2844,1,1.2062672171741724,1,1.2062672171741724,2,1.9893938563764095,13,17,8,0,9.18354762159288,7.061968881636858
ESP-La Liga,2526,Levante,Mat Ryan,4,2025,151,2385,GK,36,3240,0,0.0933680385351181,0,0.0933680385351181,0,0.0,2,0,4,0,3.368032854050398,3.2746648155152798
ESP-La Liga,2526,Levante,Matías Moreno,4,2025,151,13083,D S,28,2265,0,1.2664381377398968,0,1.2664381377398968,0,0.6804856397211552,10,8,8,0,8.4254733286798,7.8222153298556805
ESP-La Liga,2526,Levante,Morales,4,2025,151,2186,M S,20,298,1,2.511188435833901,0,1.767910826485604,1,1.1046443730592728,11,7,1,0,5.004151001106948,2.22667851485312
ESP-La Liga,2526,Levante,Nacho Pérez,4,2025,151,13772,D S,3,147,0,0.0,0,0.0,0,0.1981816329061985,0,2,1,0,0.22319402173161507,0.02501237578690052
ESP-La Liga,2526,Levante,Oriol Rey,4,2025,151,8764,M S,20,1316,0,0.35154401417821646,0,0.35154401417821646,1,0.257574962452054,8,10,3,0,6.560898684896529,6.077804811298847
ESP-La Liga,2526,Levante,Pablo Cuñat,4,2025,151,9424,GK,2,180,0,0.0,0,0.0,0,0.0,0,0,0,0,0.0,0.0
ESP-La Liga,2526,Levante,Pablo Martínez,4,2025,151,8183,M S,27,1878,1,1.9152403939515352,1,1.9152403939515352,5,5.4764400301501155,28,36,3,0,8.163186241872609,4.934909150004387
ESP-La Liga,2526,Levante,Paco Cortés,4,2025,151,13770,F M S,12,456,0,0.5373847614973783,0,0.5373847614973783,0,1.0183412544429302,12,6,2,0,2.012773670256138,0.5975478962063789
ESP-La Liga,2526,Levante,Roger Brugué,4,2025,151,13767,F M S,19,1008,1,4.378684105351567,1,4.378684105351567,1,0.8359398394823074,28,8,1,1,6.560833714902401,3.0389231741428375
ESP-La Liga,2526,Levante,Sergio Lozano,4,2025,151,8416,S,1,7,0,0.0,0,0.0,0,0.0,0,0,0,0,0.0,0.0
ESP-La Liga,2526,Levante,Tai Abed,4,2025,151,14397,S,7,68,0,0.16298653185367584,0,0.16298653185367584,0,0.39156463742256165,2,1,0,0,0.5877043940126896,0.03315320983529091
ESP-La Liga,2526,Levante,Ugo Raghouber,4,2025,151,10397,M S,16,705,0,0.08310647308826447,0,0.08310647308826447,0,0.17258523777127266,3,4,1,0,1.1282448451966047,1.0098904836922884
ESP-La Liga,2526,Levante,Unai Elgezabal,4,2025,151,13765,D M S,12,963,1,0.6192532349377871,1,0.6192532349377871,0,0.13390958681702614,3,2,2,0,1.4656495973467827,1.4656495973467827
ESP-La Liga,2526,Levante,Unai Vencedor,4,2025,151,8329,M S,16,837,0,0.0,0,0.0,0,1.5092242825776339,0,12,3,1,2.1353150978684425,1.1437988132238388
ESP-La Liga,2526,Levante,Víctor García,4,2025,151,8500,F M S,21,1065,2,1.9078138787299395,2,1.9078138787299395,1,1.7659303694963455,19,14,1,0,3.2827370427548885,0.8745370730757713
ESP-La Liga,2526,Mallorca,Abdón Prats,4,2025,239,8014,S,15,92,0,0.6957777887582779,0,0.6957777887582779,0,0.11498812586069107,5,2,0,0,1.335592957213521,0.6818445790559053
ESP-La Liga,2526,Mallorca,Antonio Sánchez,4,2025,239,9970,D M S,30,1016,0,0.5342528652399778,0,0.5342528652399778,0,1.0588115602731705,6,12,3,1,3.9616350531578064,2.470979319885373
ESP-La Liga,2526,Mallorca,Dani Rodríguez,4,2025,239,7841,S,2,56,0,0.02346600592136383,0,0.02346600592136383,0,0.0,1,0,0,0,0.09653826057910919,0.07307225465774536
ESP-La Liga,2526,Mallorca,David López,4,2025,239,12074,D S,14,827,0,0.17963105626404285,0,0.17963105626404285,0,0.0,4,0,2,0,1.6228730790317059,1.6228730790317059
ESP-La Liga,2526,Mallorca,Jan Salas,4,2025,239,12951,S,2,6,0,0.0,0,0.0,0,0.0,0,0,0,0,0.0,0.0
ESP-La Liga,2526,Mallorca,Jan Virgili,4,2025,239,13991,F M S,31,1807,2,2.593278208747506,2,2.593278208747506,4,3.7704717284068465,32,31,0,1,7.063589424826205,2.66401737742126
ESP-La Liga,2526,Mallorca,Javi Llabrés,4,2025,239,10128,M S,16,147,0,0.31350586749613285,0,0.31350586749613285,0,0.04367212951183319,5,1,0,0,0.3589514493942261,0.07487251050770283
ESP-La Liga,2526,Mallorca,Javier Olaizola,4,2025,239,14093,S,2,44,0,0.0,0,0.0,0,0.0,0,0,0,0,0.07220086455345154,0.07220086455345154
ESP-La Liga,2526,Mallorca,Johan Mojica,4,2025,239,6242,D S,35,2723,0,0.8061857065185905,0,0.8061857065185905,4,3.9278420032933354,17,35,6,1,9.051305999979377,5.788199552334845
ESP-La Liga,2526,Mallorca,Justin-Noel Kalumba,4,2025,239,11494,F S,3,81,0,0.06393245607614517,0,0.06393245607614517,0,0.0,1,0,0,0,0.33171550184488297,0.2677830457687378
ESP-La Liga,2526,Mallorca,Leo Román,4,2025,239,9839,GK,33,2970,0,0.0,0,0.0,0,0.0,0,0,4,0,3.9814230408519506,3.9814230408519506
ESP-La Liga,2526,Mallorca,Lucas Bergström,4,2025,239,11809,GK,5,450,0,0.0,0,0.0,0,0.0,0,0,1,0,0.9126056060194969,0.9126056060194969
ESP-La Liga,2526,Mallorca,Luis Orejuela,4,2025,239,14613,D,1,90,0,0.047755200415849686,0,0.047755200415849686,0,0.0,1,0,0,0,0.06520595401525497,0.06520595401525497
ESP-La Liga,2526,Mallorca,Manuel Morlanes,4,2025,239,6592,M S,32,1801,3,1.6544483443722129,3,1.6544483443722129,0,1.4072198066860437,13,17,3,1,8.313975814729929,5.546532068401575
ESP-La Liga,2526,Mallorca,Marash Kumbulla,4,2025,239,6324,D S,8,434,0,0.0868991632014513,0,0.0868991632014513,0,0.02258423902094364,3,1,1,0,0.6233834195882082,0.5607796404510736
ESP-La Liga,2526,Mallorca,Marc Domenech,4,2025,239,12883,M S,7,198,0,0.11695468425750732,0,0.11695468425750732,1,0.5047692880034447,3,2,0,0,0.6539514735341072,0.05123499780893326
ESP-La Liga,2526,Mallorca,Martin Valjent,4,2025,239,7838,D,37,3311,0,0.9677190342918038,0,0.9677190342918038,0,0.1400438267737627,17,3,6,0,9.191905220970511,8.853639227338135
ESP-La Liga,2526,Mallorca,Mateo Joseph,4,2025,239,11208,F M S,29,1707,2,5.396834125742316,2,5.396834125742316,3,1.5903267217800021,33,13,2,0,7.219164989888668,1.7234136806800961
ESP-La Liga,2526,Mallorca,Mateu Morey,4,2025,239,8070,D M S,18,723,1,0.18371310085058212,1,0.18371310085058212,0,0.516222694888711,4,3,2,0,2.1133462972939014,1.4928959049284458
ESP-La Liga,2526,Mallorca,Miguel Calatayud,4,2025,239,14612,S,2,34,0,0.028024910017848015,0,0.028024910017848015,0,0.0,1,0,0,0,0.028024910017848015,0.0
ESP-La Liga,2526,Mallorca,Omar Mascarell,4,2025,239,2456,D M S,30,2251,2,0.36964960023760796,2,0.36964960023760796,2,0.6136066876351833,7,8,5,0,6.234465690329671,5.480494217947125
ESP-La Liga,2526,Mallorca,Pablo Maffeo,4,2025,239,1003,D S,31,2690,1,0.29758226964622736,1,0.29758226964622736,2,1.7551907701417804,7,20,10,0,8.127348667941988,6.862479947507381
ESP-La Liga,2526,Mallorca,Pablo Torre,4,2025,239,11025,M S,35,1614,4,2.8149523828178644,4,2.8149523828178644,4,2.9544795835390687,25,34,4,0,8.271478340029716,4.640594145283103
ESP-La Liga,2526,Mallorca,Raíllo,4,2025,239,2584,D S,24,2069,0,0.6311804680153728,0,0.6311804680153728,1,0.36439406499266624,12,7,4,0,4.512468161061406,4.202221794053912
ESP-La Liga,2526,Mallorca,Samú Costa,4,2025,239,10974,M S,34,2731,7,4.27746016997844,7,4.27746016997844,2,1.9799835188314319,39,17,11,0,9.480698188766837,5.15883654076606
ESP-La Liga,2526,Mallorca,Sergi Darder,4,2025,239,2621,M S,38,2715,1,2.2581017958000302,1,2.2581017958000302,5,5.54317428637296,36,57,3,0,10.62109318934381,7.191008800640702
ESP-La Liga,2526,Mallorca,Takuma Asano,4,2025,239,6087,F M S,20,662,1,2.239371344447136,1,2.239371344447136,0,1.018438033759594,17,3,2,0,3.7131067626178265,1.4350337330251932
ESP-La Liga,2526,Mallorca,Toni Lato,4,2025,239,2479,D M S,12,601,0,0.0,0,0.0,1,0.4910133834928274,0,4,3,0,1.7519583329558372,1.357103642076254
ESP-La Liga,2526,Mallorca,Vedat Muriqi,4,2025,239,9002,F S,37,3150,23,21.630785251036286,18,16.427841836586595,1,2.4853103263303638,114,24,4,1,18.902257680892944,4.6435397625900805
ESP-La Liga,2526,Mallorca,Zito,4,2025,239,10380,F M S,10,511,0,0.9731584936380386,0,0.9731584936380386,2,0.9998054932802916,9,9,1,0,2.6188953332602978,0.6459314078092575
ESP-La Liga,2526,Osasuna,Abel Bretones,4,2025,157,12790,D M S,28,1600,1,0.5832634549587965,1,0.5832634549587965,2,1.463532455265522,11,13,5,1,3.3724373634904623,2.147059232927859
ESP-La Liga,2526,Osasuna,Aimar Oroz,4,2025,157,8424,F M S,31,2175,0,1.6443974245339632,0,1.6443974245339632,2,3.740993956103921,29,37,6,0,7.147825986146927,4.407638059929013
ESP-La Liga,2526,Osasuna,Aitor Fernández,4,2025,157,4193,GK S,2,134,0,0.0,0,0.0,0,0.0,0,0,0,0,0.10702017694711685,0.10702017694711685
ESP-La Liga,2526,Osasuna,Alejandro Catena,4,2025,157,7604,D,35,3083,3,2.8552996991202235,3,2.8552996991202235,2,1.1020762361586094,19,11,11,1,5.703319581225514,4.280373828485608
ESP-La Liga,2526,Osasuna,Ante Budimir,4,2025,157,1235,F S,37,2995,17,19.191765047609806,11,13.24554404988885,0,1.7123363316059113,103,16,3,0,12.536680994555354,1.237377729266882
ESP-La Liga,2526,Osasuna,Asier Osambela,4,2025,157,12537,D S,17,295,1,0.40813053399324417,1,0.40813053399324417,0,0.585698839277029,6,3,1,0,1.2552912291139364,0.5480579566210508
ESP-La Liga,2526,Osasuna,Enzo Boyomo,4,2025,157,12893,D S,30,2544,1,1.1597838830202818,1,1.1597838830202818,2,1.4222577046602964,11,9,7,0,5.139672014862299,3.7208891063928604
ESP-La Liga,2526,Osasuna,Iker Benito,4,2025,157,10273,M S,6,148,1,0.3859800510108471,1,0.3859800510108471,0,0.14492438361048698,2,2,1,0,0.672303281724453,0.24680110812187195
ESP-La Liga,2526,Osasuna,Iker Muñoz,4,2025,157,11395,M S,19,928,0,0.3214873829856515,0,0.3214873829856515,0,0.252276461571455,9,5,5,0,1.885208336636424,1.586097290739417
ESP-La Liga,2526,Osasuna,Iñigo Arguibide,4,2025,157,12472,D S,6,187,0,0.0,0,0.0,0,0.03171418979763985,0,1,0,1,0.13765155244618654,0.1059373626485467
ESP-La Liga,2526,Osasuna,Jon Moncayola,4,2025,157,7857,D M S,36,3061,0,2.3341868557035923,0,2.3341868557035923,4,4.85785942338407,23,39,9,0,10.213275477290154,5.148858282715082
ESP-La Liga,2526,Osasuna,Jorge Herrando,4,2025,157,10858,D S,28,1597,0,0.17066956497728825,0,0.17066956497728825,1,0.6935188174247742,3,2,3,0,1.8340701051056385,1.8011348769068718
ESP-La Liga,2526,Osasuna,Juan Cruz,4,2025,157,8744,D S,15,644,0,0.5461479425430298,0,0.5461479425430298,0,0.07363276183605194,1,2,1,0,1.5106816906481981,1.4370489101856947
ESP-La Liga,2526,Osasuna,Kike Barja,4,2025,157,5140,M S,27,369,2,1.248927740380168,2,1.248927740380168,2,0.6617407351732254,8,10,4,0,3.1038959324359894,1.19322744384408
ESP-La Liga,2526,Osasuna,Lucas Torró,4,2025,157,7050,M S,34,2362,0,2.2390968278050423,0,2.2390968278050423,1,1.2621251428499818,29,15,6,0,5.123437849804759,3.7546714833006263
ESP-La Liga,2526,Osasuna,Moi Gómez,4,2025,157,2198,M S,26,1202,0,0.4181990008801222,0,0.4181990008801222,2,1.9109276719391346,11,16,3,0,5.146273463964462,3.1553665651008487
ESP-La Liga,2526,Osasuna,Raul García,4,2025,157,8042,F S,36,926,7,6.938203576952219,7,6.938203576952219,1,1.1225733663886786,39,12,2,1,7.228577986359596,1.1627431195229292
ESP-La Liga,2526,Osasuna,Raul Moro,4,2025,157,8584,M S,14,628,0,0.2312967237085104,0,0.2312967237085104,2,1.70481850579381,6,9,0,0,3.413567554205656,1.6930943839251995
ESP-La Liga,2526,Osasuna,Rubén García,4,2025,157,2183,F M S,35,2297,2,2.5968636460602283,2,2.5968636460602283,5,5.863754561170936,31,45,6,0,7.120284520089626,3.8182442067191005
ESP-La Liga,2526,Osasuna,Sergio Herrera,4,2025,157,7859,GK,37,3284,0,0.0,0,0.0,0,0.0,0,0,3,1,2.1348039116710424,2.1348039116710424
ESP-La Liga,2526,Osasuna,Sheraldo Becker,4,2025,157,7882,S,9,124,0,0.16511926800012589,0,0.16511926800012589,0,0.25038790702819824,3,2,0,0,0.41550716757774353,0.0
ESP-La Liga,2526,Osasuna,Valentin Rosier,4,2025,157,5615,D S,31,2563,1,0.9383662464097142,1,0.9383662464097142,1,1.9486182387918234,19,16,4,1,6.748972576111555,4.230974381789565
ESP-La Liga,2526,Osasuna,Víctor Muñoz,4,2025,157,13279,F M S,34,2705,6,7.1146949995309114,6,7.1146949995309114,2,2.412180700339377,81,27,3,0,11.554271526634693,3.834848198108375
ESP-La Liga,2526,Rayo Vallecano,Abdul Mumin,4,2025,145,11105,D S,3,77,0,0.0,0,0.0,0,0.0,0,0,0,0,0.560370683670044,0.560370683670044
ESP-La Liga,2526,Rayo Vallecano,Alemão,4,2025,145,14059,F S,26,1118,4,4.114549320191145,4,4.114549320191145,0,0.3112838324159384,25,7,3,0,6.356759304180741,2.0705359429121017
ESP-La Liga,2526,Rayo Vallecano,Alfonso Espino,4,2025,145,8733,D M S,30,1472,2,2.0612591905519366,2,2.0612591905519366,0,3.0738462451845407,20,19,3,0,7.71520034596324,4.115802895277739
ESP-La Liga,2526,Rayo Vallecano,Andrei Ratiu,4,2025,145,7515,D M S,35,2791,0,2.3735468704253435,0,2.3735468704253435,4,6.194820357486606,31,44,8,0,16.08938203752041,11.390583541244268
ESP-La Liga,2526,Rayo Vallecano,Augusto Batalla,4,2025,145,12298,GK,34,3060,0,0.0,0,0.0,0,0.050469039008021355,0,2,5,0,7.632259892299771,7.612099843099713
ESP-La Liga,2526,Rayo Vallecano,Carlos Martín,4,2025,145,10101,F M S,11,473,0,1.1495165657252073,0,1.1495165657252073,0,0.5790477748960257,9,3,1,0,2.493734013289213,0.8341227322816849
ESP-La Liga,2526,Rayo Vallecano,Daniel Cárdenas,4,2025,145,8108,GK,4,360,0,0.0,0,0.0,0,0.0,0,0,0,0,0.9386077299714088,0.9386077299714088
ESP-La Liga,2526,Rayo Vallecano,Florian Lejeune,4,2025,145,5073,D,36,3233,2,2.6121565653011203,2,2.6121565653011203,1,1.1719966726377606,50,16,7,0,10.796885312534869,9.678738729096949
ESP-La Liga,2526,Rayo Vallecano,Fran Pérez,4,2025,145,10944,F M S,29,1226,2,2.508813252672553,2,2.508813252672553,1,1.6743681291118264,17,13,4,0,6.37276441603899,2.6528973691165447
ESP-La Liga,2526,Rayo Vallecano,Gerard Gumbau,4,2025,145,2609,M S,28,1153,0,1.1357509652152658,0,1.1357509652152658,3,2.5143625792115927,20,23,4,0,6.054331148043275,4.46986211836338
ESP-La Liga,2526,Rayo Vallecano,Ilias Akhomach,4,2025,145,10121,F M S,20,876,0,2.596906803548336,0,2.596906803548336,1,1.5595727320760489,24,13,2,0,5.816525641828775,2.7779084891080856
ESP-La Liga,2526,Rayo Vallecano,Isi Palazón,4,2025,145,9812,F M S,31,2294,3,4.703491798602045,1,3.2169365379959345,3,4.25213922560215,52,39,10,1,11.040195340290666,6.673252057284117
ESP-La Liga,2526,Rayo Vallecano,Iván Balliu,4,2025,145,5672,D S,14,572,0,0.9272420238703489,0,0.9272420238703489,0,0.0937120970338583,4,3,3,0,2.0416393764317036,1.0687691681087017
ESP-La Liga,2526,Rayo Vallecano,Jorge De Frutos,4,2025,145,8107,F M S,36,2526,10,12.133321626111865,9,11.390043957158923,1,3.344836812466383,63,31,3,0,16.192682379856706,2.233673200942576
ESP-La Liga,2526,Rayo Vallecano,Jozhua Vertrouwd,4,2025,145,13694,D S,9,433,0,0.08462949842214584,0,0.08462949842214584,0,0.07786183804273605,1,2,0,0,0.8880379656329751,0.8812460610643029
ESP-La Liga,2526,Rayo Vallecano,Luiz Felipe,4,2025,145,6177,D S,10,473,0,0.23700565844774246,0,0.23700565844774246,0,0.019812732934951782,3,1,1,0,0.7661405727267265,0.7661405727267265
ESP-La Liga,2526,Rayo Vallecano,Nobel Mendy,4,2025,145,12286,D S,24,1834,2,2.1846237517893314,2,2.1846237517893314,0,0.3597838692367077,11,3,7,2,3.9572747480124235,3.546960476785898
ESP-La Liga,2526,Rayo Vallecano,Pathé Ciss,4,2025,145,9815,D M S,29,1974,2,3.959737098775804,2,3.959737098775804,1,0.47962510120123625,20,12,9,2,10.748411556705832,8.874764986336231
ESP-La Liga,2526,Rayo Vallecano,Pedro Díaz,4,2025,145,12863,F M S,34,1868,0,1.7679051300510764,0,1.7679051300510764,1,1.6380874933674932,44,23,2,0,7.993919337168336,5.8795163836330175
ESP-La Liga,2526,Rayo Vallecano,Pelayo Fernández,4,2025,145,12864,S,1,37,0,0.05708131566643715,0,0.05708131566643715,0,0.0,1,0,0,0,0.08538762480020523,0.08538762480020523
ESP-La Liga,2526,Rayo Vallecano,Pep Chavarría,4,2025,145,11087,D S,33,2672,1,0.6448125010356307,1,0.6448125010356307,2,3.702762270346284,18,27,4,1,11.969282133504748,8.858007108792663
ESP-La Liga,2526,Rayo Vallecano,Randy Nteka,4,2025,145,9813,F S,13,342,3,3.415595294907689,3,2.6723177153617144,0,0.12943650968372822,13,4,3,0,3.300931954756379,0.6292829792946577
ESP-La Liga,2526,Rayo Vallecano,Samu Becerra,4,2025,145,13695,S,3,9,0,0.0,0,0.0,0,0.08462949842214584,0,1,0,0,0.0,0.0
ESP-La Liga,2526,Rayo Vallecano,Sergio Camello,4,2025,145,7528,F M S,22,810,5,3.886531239375472,5,3.886531239375472,1,1.591644560918212,27,17,2,1,5.900235395878553,0.5705750286579132
ESP-La Liga,2526,Rayo Vallecano,Unai López,4,2025,145,4091,M S,28,1637,0,1.0071794828400016,0,1.0071794828400016,4,2.520821467973292,22,36,6,1,7.014563919045031,5.052038587629795
ESP-La Liga,2526,Rayo Vallecano,Álvaro García,4,2025,145,7071,F M S,32,2123,4,6.8708263747394085,4,6.8708263747394085,5,7.334621558897197,47,40,3,0,14.599677024409175,2.0335369165986776
ESP-La Liga,2526,Rayo Vallecano,Óscar Trejo,4,2025,145,3208,M S,7,131,0,0.11152663826942444,0,0.11152663826942444,1,0.7296474687755108,1,7,1,0,1.5641020610928535,0.7660680264234543
ESP-La Liga,2526,Rayo Vallecano,Óscar Valentín,4,2025,145,9811,M S,33,2143,1,1.4860157845541835,1,1.4860157845541835,0,0.9415555438026786,13,10,3,1,10.363398014567792,8.101587588898838
ESP-La Liga,2526,Real Betis,Abdessamad Ezzalzouli,4,2025,153,10095,F M S,29,2275,10,10.301263853907585,10,10.301263853907585,8,6.2180118300020695,73,32,3,0,18.697799935936928,4.9303385354578495
ESP-La Liga,2526,Real Betis,Adrián,4,2025,153,527,GK,1,90,0,0.0,0,0.0,0,0.0,0,0,0,0,0.14780040085315704,0.14780040085315704
ESP-La Liga,2526,Real Betis,Aitor Ruibal,4,2025,153,6427,D F M S,27,1809,4,4.419992010109127,4,4.419992010109127,2,1.7956423908472061,31,19,4,1,10.049647815525532,4.529752524569631
ESP-La Liga,2526,Real Betis,Antony,4,2025,153,11094,F M S,32,2495,8,9.02497192658484,8,9.02497192658484,6,6.643909856677055,90,56,6,1,22.010275080800056,10.2550476831384
ESP-La Liga,2526,Real Betis,Cédric Bakambu,4,2025,153,2306,F S,18,542,3,4.446228556334972,3,4.446228556334972,1,1.0754088601097465,21,4,1,0,5.470247928053141,1.102149996906519
ESP-La Liga,2526,Real Betis,Dani Pérez,4,2025,153,12044,S,1,1,0,0.0,0,0.0,0,0.0,0,0,0,0,0.0,0.0
ESP-La Liga,2526,Real Betis,Diego Llorente,4,2025,153,2163,D S,18,1221,1,1.1309194639325142,1,1.1309194639325142,0,0.053407616913318634,4,1,5,0,3.991023997310549,3.7352525391615927
ESP-La Liga,2526,Real Betis,Ezequiel Ávila,4,2025,153,6955,F S,16,350,1,1.645847663283348,0,0.902570053935051,0,0.4049630733206868,8,9,2,0,1.5162664540112019,0.8896453380584717
ESP-La Liga,2526,Real Betis,Giovani Lo Celso,4,2025,153,5681,F M S,24,1396,2,2.9037401657551527,2,2.9037401657551527,3,2.8784077670425177,30,32,4,0,10.672939863055944,6.766227323561907
ESP-La Liga,2526,Real Betis,Héctor Bellerín,4,2025,153,492,D S,27,1822,2,0.5421263910830021,2,0.5421263910830021,3,3.8523782826960087,7,24,2,0,8.855655074119568,6.866296399384737
ESP-La Liga,2526,Real Betis,Isco,4,2025,153,2255,M S,8,213,1,0.9982502274215221,0,0.254972618073225,1,0.6222779601812363,7,5,0,0,1.3436147421598434,1.0085393972694874
ESP-La Liga,2526,Real Betis,Iván Corralejo,4,2025,153,13855,S,1,11,0,0.0,0,0.0,0,0.0,0,0,0,0,0.05513961985707283,0.05513961985707283
ESP-La Liga,2526,Real Betis,Juan Camilo Hernández,4,2025,153,6954,F S,32,2623,11,12.400350131094456,10,11.657072521746159,3,4.870423881337047,89,34,5,0,19.107489496469498,5.405497080646455
ESP-La Liga,2526,Real Betis,Júnior Firpo,4,2025,153,6485,D S,12,846,0,0.4448377713561058,0,0.4448377713561058,1,0.957407258450985,5,8,2,0,2.8417121320962906,2.3680821657180786
ESP-La Liga,2526,Real Betis,Marc Bartra,4,2025,153,2453,D S,25,1973,1,0.7785803359001875,1,0.7785803359001875,0,0.12191595695912838,16,5,3,0,6.516638816334307,6.29856242146343
ESP-La Liga,2526,Real Betis,Marc Roca,4,2025,153,5086,M S,29,2020,1,0.9589633732102811,1,0.9589633732102811,2,2.0623733028769493,16,19,1,0,8.206119364127517,7.05390945635736
ESP-La Liga,2526,Real Betis,Natan,4,2025,153,11890,D S,33,2820,0,0.5199076561257243,0,0.5199076561257243,0,0.3320370214059949,10,7,8,0,7.9655610248446465,7.7015365883708
ESP-La Liga,2526,Real Betis,Nelson Deossa,4,2025,153,14001,M S,20,725,0,0.473878163844347,0,0.473878163844347,0,0.6545962225645781,18,8,3,0,4.098076751455665,3.2412512339651585
ESP-La Liga,2526,Real Betis,Pablo Fornals,4,2025,153,2335,F M S,37,2912,9,4.941328717395663,9,4.941328717395663,6,7.8924933429807425,43,84,2,0,23.12612571939826,12.777029509656131
ESP-La Liga,2526,Real Betis,Pablo García,4,2025,153,13376,M S,15,346,0,1.4114344269037247,0,1.4114344269037247,0,0.055034251883625984,13,2,1,0,1.6470036320388317,0.34752048552036285
ESP-La Liga,2526,Real Betis,Pau López,4,2025,153,2107,GK,9,810,0,0.0,0,0.0,0,0.0,0,0,1,0,0.5678549129515886,0.5678549129515886
ESP-La Liga,2526,Real Betis,Ricardo Rodríguez,4,2025,153,308,D S,23,1552,0,0.14109168946743011,0,0.14109168946743011,1,0.4879046082496643,3,7,0,0,2.7929348312318325,2.435595016926527
ESP-La Liga,2526,Real Betis,Rodrigo Riquelme,4,2025,153,8002,M S,25,788,1,2.6496557127684355,1,2.6496557127684355,1,1.466417740099132,24,14,2,0,6.590603470802307,2.7007025675848126
ESP-La Liga,2526,Real Betis,Sergi Altimira,4,2025,153,11953,M S,24,1176,1,0.5072789322584867,1,0.5072789322584867,2,0.5556181967258453,7,11,3,0,4.316389311105013,3.7588356025516987
ESP-La Liga,2526,Real Betis,Sofyan Amrabat,4,2025,153,7927,M S,17,1297,0,0.2392287040129304,0,0.2392287040129304,0,0.23958174046128988,8,7,4,0,3.977388694882393,3.5761187840253115
ESP-La Liga,2526,Real Betis,Valentín Gómez,4,2025,153,13845,D S,28,1852,1,0.953595282509923,1,0.953595282509923,0,2.110032780095935,11,10,5,0,5.001710316166282,3.893445262685418
ESP-La Liga,2526,Real Betis,Álvaro Fidalgo,4,2025,153,14440,M S,9,567,1,0.5265598297119141,1,0.5265598297119141,0,0.19634011760354042,4,4,0,0,2.017945224419236,1.3912485651671886
ESP-La Liga,2526,Real Betis,Álvaro Vallés,4,2025,153,11740,GK,28,2520,0,0.0,0,0.0,0,0.0,0,0,1,0,3.662847968749702,3.662847968749702
ESP-La Liga,2526,Real Betis,Ángel Ortiz,4,2025,153,13374,D S,13,584,0,0.027390213683247566,0,0.027390213683247566,0,0.8803559150546789,1,6,1,0,1.54257298912853,0.8120450833812356
ESP-La Liga,2526,Real Madrid,Andriy Lunin,4,2025,150,7194,GK,6,540,0,0.0,0,0.0,0,0.0,0,0,0,0,0.9675961472094059,0.9675961472094059
ESP-La Liga,2526,Real Madrid,Antonio Rüdiger,4,2025,150,1822,D S,18,1501,1,1.4131802674382925,1,1.4131802674382925,0,0.3116191700100899,13,2,0,0,4.972962256520987,4.5913289822638035
ESP-La Liga,2526,Real Madrid,Arda Güler,4,2025,150,12190,F M S,33,2076,4,4.8113659825176,4,4.8113659825176,9,8.848396001383662,49,70,1,0,16.119426768273115,8.680156823247671
ESP-La Liga,2526,Real Madrid,Aurelien Tchouameni,4,2025,150,6560,M S,33,2656,1,3.0622244104743004,1,3.0622244104743004,0,2.3133272044360638,45,24,8,0,13.883047316223383,11.357132777571678
ESP-La Liga,2526,Real Madrid,Brahim Diaz,4,2025,150,6421,F M S,30,1243,1,1.7095827870070934,1,1.7095827870070934,6,3.635775487869978,15,30,2,0,7.436839532107115,2.803654298186302
ESP-La Liga,2526,Real Madrid,César Palacios,4,2025,150,14352,S,5,68,0,0.13092555105686188,0,0.13092555105686188,0,0.02893521636724472,2,1,0,0,0.45789235830307007,0.29803159087896347
ESP-La Liga,2526,Real Madrid,Dani Ceballos,4,2025,150,2446,M S,16,451,0,0.08126241341233253,0,0.08126241341233253,0,0.589991744607687,3,9,1,0,5.687696643173695,5.359475754201412
ESP-La Liga,2526,Real Madrid,Daniel Carvajal,4,2025,150,2260,D S,17,965,0,0.28454697225242853,0,0.28454697225242853,1,1.9865489229559898,5,11,0,0,4.963872527703643,3.1964759286493063
ESP-La Liga,2526,Real Madrid,Daniel Yáñez,4,2025,150,13266,S,2,40,0,0.0,0,0.0,1,0.3712937831878662,0,2,0,0,0.17272072657942772,0.17272072657942772
ESP-La Liga,2526,Real Madrid,David Alaba,4,2025,150,391,D S,11,419,0,0.25780999287962914,0,0.25780999287962914,0,0.0,4,0,1,0,2.121829517185688,2.0296965166926384
ESP-La Liga,2526,Real Madrid,David Jiménez,4,2025,150,13113,D S,2,78,0,0.09088162332773209,0,0.09088162332773209,0,0.0,1,0,0,0,0.2897253930568695,0.19884377717971802
ESP-La Liga,2526,Real Madrid,Dean Huijsen,4,2025,150,11943,D S,28,2046,2,2.327382738701999,2,2.327382738701999,2,1.1454473715275526,20,10,7,1,10.479818224906921,10.072807345539331
ESP-La Liga,2526,Real Madrid,Diego Aguado,4,2025,150,13236,S,1,24,0,0.0,0,0.0,0,0.0,0,0,0,0,0.14279142022132874,0.14279142022132874
ESP-La Liga,2526,Real Madrid,Eder Militão,4,2025,150,7829,D S,16,1147,2,1.8924340261146426,2,1.8924340261146426,1,1.1158691756427288,21,8,2,0,6.2966620568186045,5.192408312112093
ESP-La Liga,2526,Real Madrid,Eduardo Camavinga,4,2025,150,7359,D M S,29,1507,1,1.1423941813409328,1,1.1423941813409328,0,1.8246677611023188,13,15,2,0,7.222875934094191,5.800564680248499
ESP-La Liga,2526,Real Madrid,Endrick,4,2025,150,12884,S,1,5,0,0.0,0,0.0,0,0.0,0,0,0,0,0.0,0.0
ESP-La Liga,2526,Real Madrid,Federico Valverde,4,2025,150,6241,D F M S,33,2765,5,2.2435944536700845,5,2.2435944536700845,8,5.012471796944737,51,43,3,1,19.056539345532656,15.301276870071888
ESP-La Liga,2526,Real Madrid,Ferland Mendy,4,2025,150,6233,D S,5,204,0,0.0,0,0.0,0,0.0,0,0,0,0,0.42474545538425446,0.42474545538425446
ESP-La Liga,2526,Real Madrid,Fran García,4,2025,150,9810,D M S,13,930,1,0.9465890973806381,1,0.9465890973806381,1,0.3020932860672474,6,5,0,1,4.634012538939714,3.96155970916152
ESP-La Liga,2526,Real Madrid,Franco Mastantuono,4,2025,150,13847,D F M S,23,1026,1,2.6822766698896885,1,2.6822766698896885,0,2.86138834618032,30,16,5,1,7.648913703858852,4.390332970768213
ESP-La Liga,2526,Real Madrid,Gonzalo García,4,2025,150,12035,F S,30,923,6,5.269253443926573,6,5.269253443926573,1,1.6349990256130695,21,13,2,0,8.073908843100071,1.9430877678096294
ESP-La Liga,2526,Real Madrid,Jorge Cestero,4,2025,150,14246,S,2,8,0,0.0,0,0.0,0,0.0,0,0,0,0,0.0,0.0
ESP-La Liga,2526,Real Madrid,Jude Bellingham,4,2025,150,8824,M S,28,1933,6,7.732056498527527,6,7.732056498527527,4,3.037935324013233,51,36,3,0,13.966085232794285,8.35675865970552
ESP-La Liga,2526,Real Madrid,Kylian Mbappe-Lottin,4,2025,150,3423,F S,31,2623,25,25.796528611332178,17,19.107029650360346,5,7.240631651133299,146,65,4,0,27.866944551467896,7.233587654307485
ESP-La Liga,2526,Real Madrid,Manuel Serrano,4,2025,150,14630,S,1,3,0,0.0,0,0.0,0,0.0,0,0,0,0,0.5011940598487854,0.5011940598487854
ESP-La Liga,2526,Real Madrid,Manuel Ángel,4,2025,150,14502,M S,4,86,0,0.06146223843097687,0,0.06146223843097687,0,0.0,2,0,0,0,0.3262549117207527,0.2647926788777113
ESP-La Liga,2526,Real Madrid,Raúl,4,2025,150,13201,D S,23,1692,2,1.511999098584056,2,1.511999098584056,0,0.4637518934905529,14,5,4,0,7.886597044765949,7.307897858321667
ESP-La Liga,2526,Real Madrid,Rodrygo,4,2025,150,8015,F M S,19,633,1,2.848481699824333,1,2.848481699824333,3,2.88282679207623,27,17,2,0,4.605150379240513,1.4849299378693104
ESP-La Liga,2526,Real Madrid,Thiago Pitarch,4,2025,150,13848,M S,10,615,0,0.34887390956282616,0,0.34887390956282616,2,0.894539013504982,6,6,2,0,2.404643889516592,1.81363170966506
ESP-La Liga,2526,Real Madrid,Thibaut Courtois,4,2025,150,680,GK,32,2880,0,0.0,0,0.0,0,0.0,0,0,1,0,6.53979423083365,6.53979423083365
ESP-La Liga,2526,Real Madrid,Trent Alexander-Arnold,4,2025,150,1791,D M S,21,1175,0,0.40312566235661507,0,0.40312566235661507,4,2.0283965058624744,10,28,4,0,6.278945114463568,5.344461210072041
ESP-La Liga,2526,Real Madrid,Valde,4,2025,150,13543,D,1,81,0,0.0,0,0.0,0,0.018097510561347008,0,1,0,0,0.16238687932491302,0.14428937435150146
ESP-La Liga,2526,Real Madrid,Vinícius Júnior,4,2025,150,7008,F M S,36,2865,16,14.403762575238943,12,10.687374416738749,5,7.155190063640475,100,69,7,0,23.046170502901077,8.551076833158731
ESP-La Liga,2526,Real Madrid,Álvaro Fernández,4,2025,150,10576,D S,28,2334,2,0.7583160568028688,2,0.7583160568028688,3,1.7765214759856462,9,29,5,1,16.8298107534647,15.121318858116865
ESP-La Liga,2526,Real Madrid,Álvaro Leiva,4,2025,150,14353,S,1,2,0,0.0,0,0.0,0,0.0,0,0,0,0,0.0,0.0
ESP-La Liga,2526,Real Oviedo,Aarón,4,2025,289,2346,GK,37,3330,0,0.0,0,0.0,1,0.44070593267679214,0,2,4,0,3.903619561344385,3.4629136249423027
ESP-La Liga,2526,Real Oviedo,Alberto Reina,4,2025,289,13700,F M S,38,2616,4,3.8991302456706762,4,3.8991302456706762,1,4.210082144476473,25,35,4,1,8.353435187600553,3.1385123571380973
ESP-La Liga,2526,Real Oviedo,Borja Sánchez,4,2025,289,13702,S,1,9,0,0.0,0,0.0,0,0.0,0,0,0,0,0.0,0.0
ESP-La Liga,2526,Real Oviedo,Dani Calvo,4,2025,289,2597,D S,21,1688,0,0.9167876914143562,0,0.9167876914143562,0,0.4952077195048332,4,2,2,0,0.8509417865425348,0.8154006768018007
ESP-La Liga,2526,Real Oviedo,David Carmo,4,2025,289,13983,D S,22,1785,1,0.9620246645063162,1,0.9620246645063162,0,0.5050461739301682,9,7,6,1,3.8941762782633305,2.9872417859733105
ESP-La Liga,2526,Real Oviedo,David Costas,4,2025,289,4160,D S,25,2073,1,1.367807979695499,1,1.367807979695499,0,0.18819066137075424,5,5,3,0,3.668113366700709,3.6066044019535184
ESP-La Liga,2526,Real Oviedo,Eric Bailly,4,2025,289,1739,D,16,1327,1,0.33796961046755314,1,0.33796961046755314,0,0.1631991881877184,7,3,3,0,1.960602704435587,1.890581227838993
ESP-La Liga,2526,Real Oviedo,Federico Viñas,4,2025,289,13705,F M S,34,2575,9,9.87893870100379,7,8.392383448779583,1,3.0277516916394234,60,29,5,3,8.796410974115133,2.640840981155634
ESP-La Liga,2526,Real Oviedo,Haissem Hassan,4,2025,289,11401,F M S,38,1937,0,1.9617184847593307,0,1.9617184847593307,3,1.7974820844829082,34,19,1,0,5.390570223331451,2.5027807988226414
ESP-La Liga,2526,Real Oviedo,Horatiu Moldovan,4,2025,289,12393,GK,2,180,0,0.0,0,0.0,0,0.0,0,0,0,0,0.01765134185552597,0.01765134185552597
ESP-La Liga,2526,Real Oviedo,Ilyas Chaira,4,2025,289,13701,F M S,37,2584,7,7.220865061506629,7,7.220865061506629,2,2.07834442704916,84,22,2,1,11.205173783004284,3.461104169487953
ESP-La Liga,2526,Real Oviedo,Javier López,4,2025,289,8413,D S,26,1825,0,0.7022638451308012,0,0.7022638451308012,1,1.1921943556517363,7,18,3,1,3.9714682633057237,3.430697724223137
ESP-La Liga,2526,Real Oviedo,Josip Brekalo,4,2025,289,5353,F M S,14,482,0,0.30889102537184954,0,0.30889102537184954,0,1.6458159163594246,9,11,1,0,2.2394321858882904,0.8675312828272581
ESP-La Liga,2526,Real Oviedo,Kwasi Sibo,4,2025,289,13699,M S,27,1782,0,0.3234209390357137,0,0.3234209390357137,0,0.05000315047800541,10,3,3,1,4.401804143562913,4.066265448927879
ESP-La Liga,2526,Real Oviedo,Leander Dendoncker,4,2025,289,7236,M S,19,1338,1,0.538357574492693,1,0.538357574492693,0,0.43061793874949217,9,7,2,0,2.1508139576762915,1.4654122050851583
ESP-La Liga,2526,Real Oviedo,Lucas Ahijado,4,2025,289,14018,D S,20,1086,0,1.1217116303741932,0,1.1217116303741932,1,1.3586394265294075,10,9,3,0,4.464726865757257,2.8245097422041
ESP-La Liga,2526,Real Oviedo,Luka Ilic,4,2025,289,10388,F M S,19,731,1,1.7625892590731382,1,1.7625892590731382,0,0.41975414752960205,9,3,2,1,2.6002833172678947,1.0306000001728535
ESP-La Liga,2526,Real Oviedo,Marco Esteban,4,2025,289,13703,S,1,40,0,0.0,0,0.0,0,0.0,0,0,0,0,0.0,0.0
ESP-La Liga,2526,Real Oviedo,Nacho Vidal,4,2025,289,5162,D S,30,2383,0,2.8598658852279186,0,2.8598658852279186,0,0.32381633296608925,17,7,4,0,5.2956321854144335,2.365584071725607
ESP-La Liga,2526,Real Oviedo,Nicolás Fonseca,4,2025,289,14316,M S,19,1028,0,0.18224439024925232,0,0.18224439024925232,0,0.0975932888686657,8,3,6,0,2.805281972512603,2.6561208181083202
ESP-La Liga,2526,Real Oviedo,Oier Luengo,4,2025,289,13697,D,3,228,0,0.07012586295604706,0,0.07012586295604706,1,0.09894325584173203,1,1,0,0,0.2799486219882965,0.2799486219882965
ESP-La Liga,2526,Real Oviedo,Omar Falah,4,2025,289,13704,S,1,9,0,0.0,0,0.0,0,0.0,0,0,0,0,0.0,0.0
ESP-La Liga,2526,Real Oviedo,Ovie Ejaria,4,2025,289,1762,M S,9,207,0,0.2249453254044056,0,0.2249453254044056,0,0.07512999325990677,3,1,1,0,1.2129120826721191,1.0246025137603283
ESP-La Liga,2526,Real Oviedo,Pablo Agudín,4,2025,289,14173,S,8,60,0,0.0426228204742074,0,0.0426228204742074,0,0.0,2,0,0,0,0.02994878962635994,0.0
ESP-La Liga,2526,Real Oviedo,Rahim Alhassane,4,2025,289,13698,D S,28,1689,0,0.0599290756508708,0,0.0599290756508708,0,1.573213404044509,3,17,2,0,4.904392350465059,3.995352517813444
ESP-La Liga,2526,Real Oviedo,Salomón Rondón,4,2025,289,813,F S,16,1054,2,3.783308571204543,2,3.0400309544056654,0,0.19348198920488358,24,5,2,0,3.1170474737882614,0.3357116375118494
ESP-La Liga,2526,Real Oviedo,Santiago Cazorla,4,2025,289,965,M S,29,877,0,0.3128305342979729,0,0.3128305342979729,1,2.333839040249586,7,28,2,1,5.003484875429422,4.37852508854121
ESP-La Liga,2526,Real Oviedo,Santiago Colombatto,4,2025,289,13953,M S,33,2157,0,0.732619327493012,0,0.732619327493012,1,2.820774817839265,16,25,6,0,6.469618431292474,5.312525178305805
ESP-La Liga,2526,Real Oviedo,Thiago Borbas,4,2025,289,14334,S,12,140,0,0.7139516249299049,0,0.7139516249299049,0,0.0,5,0,1,0,0.17093193158507347,0.035152941942214966
ESP-La Liga,2526,Real Oviedo,Thiago Fernández,4,2025,289,14393,F M S,17,919,0,0.8692414863035083,0,0.8692414863035083,4,2.8690570928156376,15,12,4,0,4.160179313272238,1.7156872656196356
ESP-La Liga,2526,Real Oviedo,Álex Forés,4,2025,289,13954,F S,18,331,0,0.7922417521476746,0,0.7922417521476746,1,0.01990697532892227,8,1,0,0,1.3318030647933483,0.5996671952307224
ESP-La Liga,2526,Real Sociedad,Aihen Muñoz,4,2025,140,7306,D S,21,829,1,0.46599219366908073,1,0.46599219366908073,0,0.41357190161943436,6,5,1,0,3.544042121618986,2.887334957718849
ESP-La Liga,2526,Real Sociedad,Ander Barrenetxea,4,2025,140,7308,F M S,30,1794,3,3.134013439528644,3,3.134013439528644,5,6.596155438572168,35,45,5,0,13.030770312994719,6.245771812275052
ESP-La Liga,2526,Real Sociedad,Aritz Elustondo,4,2025,140,2228,D S,16,723,0,0.5001932755112648,0,0.5001932755112648,1,0.02631761133670807,4,1,0,0,2.531999623402953,2.5056820269674063
ESP-La Liga,2526,Real Sociedad,Arkaitz Mariezkurrena,4,2025,140,13267,S,1,1,0,0.0,0,0.0,0,0.0,0,0,0,0,0.0,0.0
ESP-La Liga,2526,Real Sociedad,Arsen Zakharyan,4,2025,140,8760,M S,17,424,0,1.1044645830988884,0,1.1044645830988884,0,1.1248002797365189,14,10,2,0,2.9856996089220047,1.2410607375204563
ESP-La Liga,2526,Real Sociedad,Beñat Turrientes,4,2025,140,9465,M S,27,1355,0,0.8817815221846104,0,0.8817815221846104,3,1.1862656697630882,20,12,7,0,5.57944718375802,4.06466400437057
ESP-La Liga,2526,Real Sociedad,Brais Méndez,4,2025,140,6227,F M S,29,1708,6,6.033863070420921,5,4.547307777218521,2,3.3276691418141127,36,26,4,1,12.244448814541101,5.582106248475611
ESP-La Liga,2526,Real Sociedad,Carlos Soler,4,2025,140,2478,F M S,33,2346,4,3.2679054085165262,4,3.2679054085165262,3,5.041204136796296,35,46,3,1,12.060087494552135,8.075280973687768
ESP-La Liga,2526,Real Sociedad,Daniel Díaz,4,2025,140,13558,S,1,13,0,0.0,0,0.0,0,0.0,0,0,0,0,0.0,0.0
ESP-La Liga,2526,Real Sociedad,Duje Caleta-Car,4,2025,140,7007,D S,27,2140,1,1.877065658569336,1,1.877065658569336,0,0.19668001495301723,13,3,6,1,6.151753548532724,5.95507350936532
ESP-La Liga,2526,Real Sociedad,Gonçalo Guedes,4,2025,140,5682,F M S,32,1833,8,4.142274813726544,8,4.142274813726544,4,2.665413634851575,46,24,3,0,12.011291518807411,7.679975047707558
ESP-La Liga,2526,Real Sociedad,Gorka Carrera,4,2025,140,14208,S,3,49,0,0.5620909333229065,0,0.5620909333229065,0,0.0,1,0,1,0,0.5806836429983377,0.01859270967543125
ESP-La Liga,2526,Real Sociedad,Ibai Aguirre,4,2025,140,14322,S,1,4,0,0.0,0,0.0,0,0.0,0,0,0,0,0.0,0.0
ESP-La Liga,2526,Real Sociedad,Igor Zubeldia,4,2025,140,2417,D S,25,2080,0,0.3188817761838436,0,0.3188817761838436,1,0.6090575475245714,6,5,9,0,6.32798408344388,5.914616275578737
ESP-La Liga,2526,Real Sociedad,Iñaki Rupérez,4,2025,140,12354,S,1,1,0,0.0,0,0.0,0,0.0,0,0,0,0,0.0,0.0
ESP-La Liga,2526,Real Sociedad,Job Ochieng,4,2025,140,14364,M S,2,92,0,0.08614769577980042,0,0.08614769577980042,0,0.1534191071987152,1,2,0,0,0.7767086327075958,0.6509783715009689
ESP-La Liga,2526,Real Sociedad,Jon Aramburu,4,2025,140,12182,D S,35,2789,1,2.057084806263447,1,2.057084806263447,0,0.4437111411243677,21,11,11,0,6.378528879955411,5.833133289590478
ESP-La Liga,2526,Real Sociedad,Jon Gorrotxategi,4,2025,140,13936,M S,30,2235,1,0.9011643519625068,1,0.9011643519625068,3,0.9900850029662251,13,18,7,0,9.608818357810378,8.54557849932462
ESP-La Liga,2526,Real Sociedad,Jon Karrikaburu,4,2025,140,9922,S,7,107,0,0.7094465997070074,0,0.7094465997070074,0,0.023855186998844147,7,1,0,0,0.48356550745666027,0.0
ESP-La Liga,2526,Real Sociedad,Jon Martín,4,2025,140,12353,D,25,2250,2,2.422728887759149,2,2.422728887759149,0,0.18847600370645523,15,2,6,0,8.53424921259284,8.280994322150946
ESP-La Liga,2526,Real Sociedad,Lander Astiazarán,4,2025,140,14259,S,1,1,0,0.021120602265000343,0,0.021120602265000343,0,0.0,1,0,0,0,0.0,0.0
ESP-La Liga,2526,Real Sociedad,Luka Sucic,4,2025,140,12862,F M S,22,1003,3,1.760162802413106,3,1.760162802413106,1,0.36188260838389397,23,9,1,0,3.46739802043885,1.5475199660286307
ESP-La Liga,2526,Real Sociedad,Luken Beitia,4,2025,140,13482,D S,2,91,0,0.0,0,0.0,0,0.0,0,0,0,0,0.6515876054763794,0.6515876054763794
ESP-La Liga,2526,Real Sociedad,Mikel Goti,4,2025,140,13580,M S,4,64,0,0.7785072475671768,0,0.7785072475671768,0,0.0,3,0,0,0,0.17681260406970978,0.0
ESP-La Liga,2526,Real Sociedad,Mikel Oyarzabal,4,2025,140,2234,F S,34,2727,15,16.028234442695975,8,10.825419073924422,4,5.957455115392804,79,42,3,0,20.298587683588266,6.757064882665873
ESP-La Liga,2526,Real Sociedad,Orri Óskarsson,4,2025,140,13048,F S,20,822,9,7.336163688451052,9,7.336163688451052,0,0.4746837932616472,27,4,5,0,7.516883730888367,0.4190300051122904
ESP-La Liga,2526,Real Sociedad,Pablo Marín,4,2025,140,11185,M S,34,1491,0,1.2478495445102453,0,1.2478495445102453,1,1.8537570256739855,13,13,2,0,7.044556712731719,4.1127398908138275
ESP-La Liga,2526,Real Sociedad,Remiro,4,2025,140,2555,GK,37,3330,0,0.0,0,0.0,0,0.38737718760967255,0,4,1,0,6.81348979100585,6.426112595945597
ESP-La Liga,2526,Real Sociedad,Sergio Gómez,4,2025,140,6656,D M S,35,2712,0,0.8500185953453183,0,0.8500185953453183,6,7.4148786617442966,12,45,5,1,11.900510411709547,8.49614124558866
ESP-La Liga,2526,Real Sociedad,Takefusa Kubo,4,2025,140,8001,F M S,24,1531,2,2.659126302227378,2,2.659126302227378,4,4.556258842349052,28,32,2,0,7.780967563390732,3.3929872550070286
ESP-La Liga,2526,Real Sociedad,Umar Sadiq,4,2025,140,1450,F S,25,1028,4,5.453680071979761,4,5.453680071979761,2,1.716763524338603,30,10,4,0,8.170098496600986,1.6392004117369652
ESP-La Liga,2526,Real Sociedad,Unai Marrero,4,2025,140,9198,GK,1,90,0,0.0,0,0.0,0,0.0,0,0,1,0,0.04211007058620453,0.04211007058620453
ESP-La Liga,2526,Real Sociedad,Wesley,4,2025,140,14413,M S,5,74,0,0.010117652826011181,0,0.010117652826011181,0,0.0,1,0,0,0,0.07111196499317884,0.060994312167167664
ESP-La Liga,2526,Real Sociedad,Álvaro Odriozola,4,2025,140,2418,D S,5,196,1,0.5725881457328796,1,0.5725881457328796,0,1.1418001726269722,1,3,0,0,1.8545968532562256,0.14020852744579315
ESP-La Liga,2526,Sevilla,Adnan Januzaj,4,2025,138,323,F M S,12,283,0,0.2582807317376137,0,0.2582807317376137,0,0.6689504720270634,7,11,1,0,1.0545724965631962,0.7336611598730087
ESP-La Liga,2526,Sevilla,Akor Adams,4,2025,138,11783,F S,32,2048,10,10.047341846860945,7,7.8175089890137315,3,1.1498911064118147,61,13,3,0,9.731918376870453,1.3182228859513998
ESP-La Liga,2526,Sevilla,Alexis Sánchez,4,2025,138,498,F M S,28,1278,4,3.5005651153624058,3,2.757287496700883,2,1.8314395435154438,25,27,3,0,6.62530991435051,2.9326467169448733
ESP-La Liga,2526,Sevilla,Alfon,4,2025,138,9241,D M S,21,691,2,2.92619794793427,2,2.92619794793427,0,0.508796339854598,18,9,0,0,4.655024819076061,1.35974483191967
ESP-La Liga,2526,Sevilla,Andrés Castrín,4,2025,138,13600,D S,19,1251,1,0.5596901206299663,1,0.5596901206299663,0,0.1021546982228756,11,2,4,0,2.3782171308994293,2.264212667942047
ESP-La Liga,2526,Sevilla,Batista Mendy,4,2025,138,8283,M S,27,1632,1,0.8640541210770607,1,0.8640541210770607,0,0.4901229040697217,17,9,6,0,4.13434686139226,3.5048420038074255
ESP-La Liga,2526,Sevilla,Chidera Ejuke,4,2025,138,8694,F M S,27,866,1,1.918383196927607,1,1.918383196927607,1,0.9294496746733785,23,13,0,0,4.256661459803581,2.0848007388412952
ESP-La Liga,2526,Sevilla,César Azpilicueta,4,2025,138,681,D,17,1233,0,0.012342216446995735,0,0.012342216446995735,1,0.5649564769119024,1,3,4,0,2.7488847002387047,2.219164974987507
ESP-La Liga,2526,Sevilla,Djibril Sow,4,2025,138,2624,M S,33,2235,5,1.5513262078166008,5,1.5513262078166008,4,2.0186756290495396,19,25,6,0,6.6189771089702845,4.309138225391507
ESP-La Liga,2526,Sevilla,Dodi Lukebakio,4,2025,138,5706,M,2,180,1,0.05466248095035553,1,0.05466248095035553,0,0.8578585088253021,2,9,0,0,1.0068341195583344,0.2612600550055504
ESP-La Liga,2526,Sevilla,Federico Gattoni,4,2025,138,11705,S,1,5,0,0.0,0,0.0,0,0.0,0,0,0,0,0.0,0.0
ESP-La Liga,2526,Sevilla,Fábio Cardoso,4,2025,138,14012,D,4,309,0,0.0,0,0.0,0,0.0,0,0,0,0,0.26499417424201965,0.26499417424201965
ESP-La Liga,2526,Sevilla,Gabriel Suazo,4,2025,138,11343,D S,29,2107,0,0.31019329838454723,0,0.31019329838454723,2,2.7886302415281534,5,36,7,0,6.195922497659922,4.48605795763433
ESP-La Liga,2526,Sevilla,Isaac Romero,4,2025,138,12305,F M S,29,1506,4,5.542458679527044,4,4.799181040376425,0,1.0822319444268942,41,14,6,1,7.964388970285654,2.7966378815472126
ESP-La Liga,2526,Sevilla,Joan Jordán,4,2025,138,2122,S,3,15,0,0.0,0,0.0,0,0.0,0,0,1,0,0.4800020158290863,0.4800020158290863
ESP-La Liga,2526,Sevilla,José Ángel Carmona,4,2025,138,9809,D M S,35,2561,1,0.9539876133203506,1,0.9539876133203506,3,2.3566217375919223,20,22,13,0,9.38717579189688,7.580831928178668
ESP-La Liga,2526,Sevilla,Juanlu Sanchez,4,2025,138,8409,D M S,32,2016,0,0.7494942769408226,0,0.7494942769408226,3,1.898656453937292,14,22,4,1,5.390602208673954,3.3558341786265373
ESP-La Liga,2526,Sevilla,Kike Salas,4,2025,138,10334,D S,26,2199,2,1.0958839217200875,2,1.0958839217200875,0,0.3995983246713877,19,7,1,0,4.352849245071411,3.696122121065855
ESP-La Liga,2526,Sevilla,Lucien Agoume,4,2025,138,8165,F M S,34,2728,1,0.8295221757143736,1,0.8295221757143736,3,3.1899660043418407,15,27,11,0,9.656975163146853,6.904327908530831
ESP-La Liga,2526,Sevilla,Manu Bueno,4,2025,138,11266,M S,8,256,0,0.11118077393621206,0,0.11118077393621206,0,0.20055122673511505,2,2,2,0,1.3741315342485905,1.1735803224146366
ESP-La Liga,2526,Sevilla,Marcão,4,2025,138,10999,D S,13,935,1,0.9158304017037153,1,0.9158304017037153,0,0.0,10,0,3,1,2.0380470361560583,2.0380470361560583
ESP-La Liga,2526,Sevilla,Miguel Sierra,4,2025,138,13823,S,4,50,0,0.19662409834563732,0,0.19662409834563732,0,0.0,4,0,0,0,0.22677798569202423,0.03015388734638691
ESP-La Liga,2526,Sevilla,Neal Maupay,4,2025,138,3621,F S,12,884,2,2.1214609295129776,2,2.1214609295129776,1,0.566957282833755,17,13,2,0,3.811862051486969,1.2760496363043785
ESP-La Liga,2526,Sevilla,Nemanja Gudelj,4,2025,138,7888,D M S,34,2349,2,1.475432573352009,2,1.475432573352009,0,0.832065112888813,31,8,9,0,5.2675101440399885,4.190701778978109
ESP-La Liga,2526,Sevilla,Nianzou Kouassi,4,2025,138,7981,D S,12,670,0,0.5957351680845022,0,0.5957351680845022,0,0.14178387075662613,9,2,5,1,1.8371144905686378,1.6802604347467422
ESP-La Liga,2526,Sevilla,Odisseas Vlachodimos,4,2025,138,375,GK,33,2970,0,0.0,0,0.0,0,0.0,0,0,1,0,2.363366136327386,2.363366136327386
ESP-La Liga,2526,Sevilla,Oso,4,2025,138,13615,D F M S,21,1397,2,1.4908289685845375,2,1.4908289685845375,3,2.1163112185895443,17,20,0,0,4.947251755744219,2.594837572425604
ESP-La Liga,2526,Sevilla,Peque,4,2025,138,12742,F M S,26,952,2,0.7655831780284643,2,0.7655831780284643,1,0.6110825892537832,15,15,7,0,3.0857485216110945,2.0120601560920477
ESP-La Liga,2526,Sevilla,Ramón Martínez,4,2025,138,13198,S,2,99,0,0.0,0,0.0,0,0.0,0,0,0,0,0.885494738817215,0.885494738817215
ESP-La Liga,2526,Sevilla,Ruben Vargas,4,2025,138,7810,F M S,24,1670,3,3.4263215493410826,2,2.6830439176410437,6,3.1103639528155327,41,28,2,0,6.954289648681879,2.9463677797466516
ESP-La Liga,2526,Sevilla,Stanis Idumbo Muzambo,4,2025,138,12426,M,1,48,0,0.049450766295194626,0,0.049450766295194626,0,0.2678038775920868,1,1,0,0,0.3172546625137329,0.0
ESP-La Liga,2526,Sevilla,Ørjan Nyland,4,2025,138,250,GK,5,450,0,0.0,0,0.0,0,0.0,0,0,1,0,0.8262858241796494,0.8262858241796494
ESP-La Liga,2526,Valencia,André Almeida,4,2025,146,11057,F M S,22,1007,0,0.874655444175005,0,0.874655444175005,2,2.1850007213652134,9,19,0,0,6.30531516764313,4.309371467679739
ESP-La Liga,2526,Valencia,Arnaut Danjuma Groeneveld,4,2025,146,8066,F M S,30,1612,3,5.226826310157776,3,4.483548700809479,2,4.247381461784244,36,17,0,0,9.88978798687458,2.371374111622572
ESP-La Liga,2526,Valencia,Baptiste Santamaria,4,2025,146,5654,M S,19,731,1,0.516353402286768,1,0.516353402286768,1,0.7424618415534496,6,4,2,0,2.4516765056177974,2.2059513302519917
ESP-La Liga,2526,Valencia,Copete,4,2025,146,10982,D S,21,1767,0,1.9447047151625156,0,1.9447047151625156,0,0.1642674310132861,13,5,5,0,4.536973598413169,4.47673115786165
ESP-La Liga,2526,Valencia,César Tárrega,4,2025,146,10107,D S,32,2588,0,0.6626794598996639,0,0.6626794598996639,0,0.09015997312963009,11,2,7,0,6.760804255492985,6.695694123394787
ESP-La Liga,2526,Valencia,Diego López,4,2025,146,9694,F M S,34,1781,4,3.476579644717276,4,3.476579644717276,1,2.0322846565395594,28,16,2,0,8.334774944931269,3.1896458361297846
ESP-La Liga,2526,Valencia,Dimitri Foulquier,4,2025,146,2509,D S,15,1149,0,0.42501132003962994,0,0.42501132003962994,0,0.23674864694476128,6,6,1,0,4.307144995778799,4.124748399481177
ESP-La Liga,2526,Valencia,Eray Cömert,4,2025,146,10382,D S,17,1341,2,1.5202789390459657,2,1.5202789390459657,1,0.5236826231703162,11,6,3,1,5.98669982329011,4.8674942292273045
ESP-La Liga,2526,Valencia,Filip Ugrinic,4,2025,146,13761,F M S,27,1515,0,0.6209417562931776,0,0.6209417562931776,3,3.7198971258476377,20,24,3,0,6.901665989309549,5.459673470817506
ESP-La Liga,2526,Valencia,Guido Rodríguez,4,2025,146,8267,M S,16,1310,4,0.80956956371665,4,0.80956956371665,0,0.35411210358142853,15,7,4,0,4.893359726294875,4.198376424610615
ESP-La Liga,2526,Valencia,Hugo Duro,4,2025,146,6637,F S,36,1979,10,10.062427267432213,9,8.575872018933296,0,1.7364629544317722,36,17,4,1,11.142762534320354,2.7996803987771273
ESP-La Liga,2526,Valencia,Javier Guerra,4,2025,146,10322,F M S,36,2086,4,3.004997119307518,4,3.004997119307518,6,3.4672473557293415,31,31,3,0,11.069295661523938,6.21899560559541
ESP-La Liga,2526,Valencia,Jesús Vázquez,4,2025,146,9217,D S,24,936,0,0.2909505907446146,0,0.2909505907446146,0,1.5233390182256699,8,14,2,0,5.841807333752513,4.413359213620424
ESP-La Liga,2526,Valencia,José Gayá,4,2025,146,2505,D S,32,2491,1,0.7618178110569715,1,0.7618178110569715,2,2.3373410617932677,13,25,6,1,7.108978026546538,4.710423985496163
ESP-La Liga,2526,Valencia,Julen Agirrezabala,4,2025,146,9824,GK,18,1620,0,0.0,0,0.0,0,0.013403872959315777,0,1,1,0,0.8106938730925322,0.8106938730925322
ESP-La Liga,2526,Valencia,Largie Ramazani,4,2025,146,10975,F M S,27,1200,6,6.468218728899956,3,4.23838584497571,1,2.4562970297411084,51,17,4,0,9.884040178731084,3.9631658289581537
ESP-La Liga,2526,Valencia,Lucas Beltrán,4,2025,146,11900,F S,27,1377,1,4.7564667742699385,1,4.7564667742699385,2,1.9911325313150883,34,14,1,0,9.75975489616394,3.336976980790496
ESP-La Liga,2526,Valencia,Luis Rioja,4,2025,146,7870,D F M S,37,2676,3,2.6316598393023014,3,2.6316598393023014,6,4.349898550659418,44,38,1,0,11.246069345623255,5.814940087497234
ESP-La Liga,2526,Valencia,Mouctar Diakhaby,4,2025,146,5666,D S,8,539,1,0.632166750729084,1,0.632166750729084,0,0.05504954606294632,4,1,3,0,1.056779257953167,1.0017297193408012
ESP-La Liga,2526,Valencia,Pepelu,4,2025,146,2551,D M S,31,2253,2,3.292334547266364,1,1.0625016819685698,0,1.2570957019925117,24,21,4,0,7.367125847376883,6.865758649073541
ESP-La Liga,2526,Valencia,Raba,4,2025,146,5199,F S,13,247,0,0.37002735026180744,0,0.37002735026180744,1,0.3187341094017029,9,2,0,0,0.6549640549346805,0.2562267566099763
ESP-La Liga,2526,Valencia,Renzo Saravia,4,2025,146,14518,D S,5,358,0,0.016542766243219376,0,0.016542766243219376,0,0.01865043118596077,1,1,2,0,0.774496179074049,0.7579534165561199
ESP-La Liga,2526,Valencia,Rubén Iranzo,4,2025,146,10155,S,1,1,0,0.0,0,0.0,0,0.0,0,0,0,0,0.0,0.0
ESP-La Liga,2526,Valencia,Stole Dimitrievski,4,2025,146,2619,GK,20,1800,0,0.0,0,0.0,0,0.0,0,0,1,0,2.704712343402207,2.704712343402207
ESP-La Liga,2526,Valencia,Thierry Correia,4,2025,146,8058,D S,24,1386,0,0.2800837680697441,0,0.2800837680697441,2,1.7092203814536333,5,13,5,0,5.648564742878079,4.133561937138438
ESP-La Liga,2526,Valencia,Unai Núñez,4,2025,146,6149,D S,13,927,0,0.3963765976950526,0,0.3963765976950526,0,0.3761296048760414,9,2,3,0,2.810891135595739,2.466373040340841
ESP-La Liga,2526,Villarreal,Adrià Alti,4,2025,154,11834,S,1,7,0,0.0,0,0.0,0,0.0,0,0,0,0,0.028195347636938095,0.028195347636938095
ESP-La Liga,2526,Villarreal,Alassane Diatta,4,2025,154,13229,S,1,19,0,0.0,0,0.0,0,0.0,0,0,0,0,0.2692759037017822,0.2692759037017822
ESP-La Liga,2526,Villarreal,Alberto Moleiro,4,2025,154,12160,F M S,38,2535,10,5.6144147682935,10,5.6144147682935,5,5.77781119197607,46,38,5,0,15.232634784653783,5.500843932852149
ESP-La Liga,2526,Villarreal,Alexander Freeman,4,2025,154,14396,D S,10,332,0,0.016532694920897484,0,0.016532694920897484,0,0.015391997061669827,1,1,0,0,2.269592549651861,2.2376678586006165
ESP-La Liga,2526,Villarreal,Alfonso,4,2025,154,2521,D M S,27,1700,1,1.2216445626690984,1,1.2216445626690984,3,4.221796698868275,11,21,8,0,7.652054479345679,4.4062813855707645
ESP-La Liga,2526,Villarreal,Arnau Tenas,4,2025,154,8548,GK,11,990,0,0.0,0,0.0,0,0.0,0,0,0,0,0.7170081175863743,0.7170081175863743
ESP-La Liga,2526,Villarreal,Ayoze Pérez,4,2025,154,770,F S,26,1154,5,5.862349048256874,4,5.119071401655674,4,2.57591051235795,25,17,4,0,8.997008547186852,1.811542371287942
ESP-La Liga,2526,Villarreal,Carlos Macià,4,2025,154,14221,S,5,65,0,0.02315744385123253,0,0.02315744385123253,0,0.0,1,0,1,0,0.04486657679080963,0.021709132939577103
ESP-La Liga,2526,Villarreal,Daniel Parejo,4,2025,154,2378,M S,33,1474,1,0.8934992030262947,0,0.1502215936779976,0,1.7723483508452773,3,25,3,0,7.067310675978661,6.175191489979625
ESP-La Liga,2526,Villarreal,Georges Mikautadze,4,2025,154,8187,F S,33,2155,13,15.062094315886497,13,15.062094315886497,6,4.149701787158847,66,29,1,0,19.971632717177272,2.1160078616812825
ESP-La Liga,2526,Villarreal,Gerard Moreno,4,2025,154,2120,F S,22,1368,10,7.015236139297485,7,4.78540326654911,0,3.00478845089674,39,23,0,0,9.858238596469164,4.95141988992691
ESP-La Liga,2526,Villarreal,Hugo Lopez,4,2025,154,13997,M S,2,57,0,0.0,0,0.0,0,0.0,0,0,0,0,0.0,0.0
ESP-La Liga,2526,Villarreal,Juan Foyth,4,2025,154,6306,D S,13,946,0,0.07373266108334064,0,0.07373266108334064,0,0.0,2,0,2,0,4.523703388869762,4.523703388869762
ESP-La Liga,2526,Villarreal,Logan Costa,4,2025,154,8200,S,2,21,0,0.0,0,0.0,0,0.14274899661540985,0,1,0,0,0.4285685271024704,0.4285685271024704
ESP-La Liga,2526,Villarreal,Luiz Júnior,4,2025,154,12917,GK,28,2520,0,0.0,0,0.0,0,0.0,0,0,3,0,6.171994894742966,6.171994894742966
ESP-La Liga,2526,Villarreal,Manor Solomon,4,2025,154,10716,M S,6,129,1,0.608427070081234,1,0.608427070081234,1,0.471932552754879,2,2,0,0,2.177966743707657,1.1689640581607819
ESP-La Liga,2526,Villarreal,Nicolas Pepe,4,2025,154,5656,F M S,37,2497,9,9.80356877669692,7,8.317013502120972,8,8.080096108838916,65,55,4,0,21.613017408177257,7.798260133713484
ESP-La Liga,2526,Villarreal,Pape Alassane Gueye,4,2025,154,8696,M S,31,2280,5,5.21023759432137,4,4.466959962621331,2,2.2214559176936746,48,25,8,0,15.24400033056736,10.280141228809953
ESP-La Liga,2526,Villarreal,Pau Cabanes De La Torre,4,2025,154,13036,S,1,10,0,0.0,0,0.0,0,0.0,0,0,0,0,0.0,0.0
ESP-La Liga,2526,Villarreal,Pau Navarro,4,2025,154,12914,D,24,2034,0,0.05608205124735832,0,0.05608205124735832,0,0.43572092056274414,2,4,4,0,6.9807911813259125,6.582743391394615
ESP-La Liga,2526,Villarreal,Rafa Marín,4,2025,154,10200,D S,23,1975,1,0.23214068729430437,1,0.23214068729430437,0,0.9869795441627502,5,7,1,0,8.320692155510187,7.3985674269497395
ESP-La Liga,2526,Villarreal,Renato Veiga,4,2025,154,11383,D S,33,2553,0,0.19824217725545168,0,0.19824217725545168,0,0.1171861607581377,9,3,5,1,12.081188935786486,11.930671013891697
ESP-La Liga,2526,Villarreal,Santiago Comesaña,4,2025,154,7070,M S,34,2428,3,4.922558205202222,3,4.922558205202222,6,3.088725697249174,27,27,5,1,17.868470140732825,11.845108757726848
ESP-La Liga,2526,Villarreal,Santiago Mouriño,4,2025,154,13003,D S,29,2485,1,1.2299248855561018,1,1.2299248855561018,2,0.8433887027204037,16,9,9,1,10.451558804139495,10.024434583261609
ESP-La Liga,2526,Villarreal,Sergi Cardona,4,2025,154,11744,D S,32,2028,1,1.0293074119836092,1,1.0293074119836092,4,3.018667984753847,18,20,4,0,10.10306180268526,8.429138597100973
ESP-La Liga,2526,Villarreal,Tajon Buchanan,4,2025,154,12322,F M S,35,1873,7,2.74269391130656,7,2.74269391130656,1,2.5965847074985504,27,15,8,0,7.827929214574397,2.7268755370751023
ESP-La Liga,2526,Villarreal,Tani Oluwaseyi,4,2025,154,13996,F S,28,949,2,3.61861627176404,2,3.61861627176404,2,2.047514596953988,16,6,1,0,5.991559530608356,0.396169975399971
ESP-La Liga,2526,Villarreal,Thomas Partey,4,2025,154,2328,M S,26,892,0,0.5110291205346584,0,0.5110291205346584,0,0.3267965614795685,11,8,1,0,3.928447524085641,3.3953940495848656
ESP-La Liga,2526,Villarreal,Willy Kambwala,4,2025,154,12275,D S,2,85,0,0.0,0,0.0,0,0.0,0,0,0,0,0.35950735956430435,0.35950735956430435
ESP-La Liga,2526,Villarreal,Yeremi Pino,4,2025,154,9024,M,2,165,0,0.12507127225399017,0,0.12507127225399017,1,0.8602673262357712,2,6,0,0,2.0280728340148926,1.4558568000793457
